artist,artist_name,title,year,wikiart_url,painting_url,image_url,width,height
edward-hopper,Edward Hopper,"Blackhead, Monhegan",1919,https://www.wikiart.org/en/edward-hopper/blackhead-monhegan-1919,blackhead-monhegan-1919,https://uploads8.wikiart.org/images/edward-hopper/blackhead-monhegan-1919.jpg!Large.jpg,750,548
edward-hopper,Edward Hopper,Prizewinning World War I patriotic poster,1919,https://www.wikiart.org/en/edward-hopper/prizewinning-world-war-i-patriotic-poster,prizewinning-world-war-i-patriotic-poster,https://uploads7.wikiart.org/images/edward-hopper/prizewinning-world-war-i-patriotic-poster.jpg,425,566
edward-hopper,Edward Hopper,Rocks and Sea,1919,https://www.wikiart.org/en/edward-hopper/untitled,untitled,https://uploads2.wikiart.org/images/edward-hopper/untitled.jpg!Large.jpg,395,600
edward-hopper,Edward Hopper,Bluff 1916-19,1919,https://www.wikiart.org/en/edward-hopper/bluff-1916-19,bluff-1916-19,https://uploads3.wikiart.org/00155/images/edward-hopper/161305.jpeg!Large.jpeg,742,600
edward-hopper,Edward Hopper,Rocks and Shore,1919,https://www.wikiart.org/en/edward-hopper/rocksshore,rocksshore,https://uploads5.wikiart.org/00155/images/edward-hopper/hopper36-rocksshore.jpg!Large.jpg,750,534
edward-hopper,Edward Hopper,Rocks and Sea,1919,https://www.wikiart.org/en/edward-hopper/rocks,rocks,https://uploads6.wikiart.org/00155/images/edward-hopper/hopper-15-2011-rocks.jpg!Large.jpg,750,543
edward-hopper,Edward Hopper,Rocky Shore and Sea,1919,https://www.wikiart.org/en/edward-hopper/rocky-shore-and-sea,rocky-shore-and-sea,https://uploads8.wikiart.org/00155/images/edward-hopper/f3751f2e7e5936c7968ebe105ca01c15.jpg,564,421
edward-hopper,Edward Hopper,Monhegan Landscape,1919,https://www.wikiart.org/en/edward-hopper/d26b76c273df42c0024e1075578466db-landscape-art-landscape-paintings,d26b76c273df42c0024e1075578466db-landscape-art-landscape-paintings,https://uploads6.wikiart.org/00155/images/edward-hopper/d26b76c273df42c0024e1075578466db-landscape-art-landscape-paintings.jpg,736,536
edward-hopper,Edward Hopper,Rocky Shore,1919,https://www.wikiart.org/en/edward-hopper/rocky-shore,rocky-shore,https://uploads0.wikiart.org/00155/images/edward-hopper/629cfce4f85d8caefb5844275f3acbf6-anselm-kiefer-edward-hopper.jpg,736,538
edward-hopper,Edward Hopper,Rocks,1919,https://www.wikiart.org/en/edward-hopper/rocks-0,rocks-0,https://uploads6.wikiart.org/00155/images/edward-hopper/bb9cb3cc4c32053454800a4f2499693f-landscape-art-landscape-paintings.jpg,640,478
edward-hopper,Edward Hopper,American Landscape,1920,https://www.wikiart.org/en/edward-hopper/american-landscape,american-landscape,https://uploads3.wikiart.org/images/edward-hopper/american-landscape.jpg!Large.jpg,750,455
edward-hopper,Edward Hopper,American Landscape,1920,https://www.wikiart.org/en/edward-hopper/male-nude-1904,male-nude-1904,https://uploads8.wikiart.org/images/edward-hopper/male-nude-1904.jpg!Large.jpg,272,600
edward-hopper,Edward Hopper,Les Deux Pigeons,1920,https://www.wikiart.org/en/edward-hopper/self-portrait-1,self-portrait-1,https://uploads0.wikiart.org/images/edward-hopper/self-portrait-1.jpg!Large.jpg,517,600
edward-hopper,Edward Hopper,Train and Bathers,1920,https://www.wikiart.org/en/edward-hopper/stairway-at-48-rue-de-lille-paris,stairway-at-48-rue-de-lille-paris,https://uploads0.wikiart.org/images/edward-hopper/stairway-at-48-rue-de-lille-paris.jpg!Large.jpg,431,600
edward-hopper,Edward Hopper,Les Deux Pigeons,1920,https://www.wikiart.org/en/edward-hopper/les-deux-pigeons-1920,les-deux-pigeons-1920,https://uploads5.wikiart.org/images/edward-hopper/les-deux-pigeons-1920.jpg,600,514
edward-hopper,Edward Hopper,Train and Bathers,1920,https://www.wikiart.org/en/edward-hopper/train-and-bathers-1920,train-and-bathers-1920,https://uploads6.wikiart.org/images/edward-hopper/train-and-bathers-1920.jpg,600,517
edward-hopper,Edward Hopper,Evening Wind,1921,https://www.wikiart.org/en/edward-hopper/evening-wind,evening-wind,https://uploads7.wikiart.org/00250/images/edward-hopper/evening-wind.jpg!Large.jpg,703,600
edward-hopper,Edward Hopper,Girl at a Sewing Machine,1921,https://www.wikiart.org/en/edward-hopper/girl-at-a-sewing-machine,girl-at-a-sewing-machine,https://uploads0.wikiart.org/images/edward-hopper/girl-at-a-sewing-machine.jpg!Large.jpg,559,600
edward-hopper,Edward Hopper,Girl at a Sewing Machine,1921,https://www.wikiart.org/en/edward-hopper/not_detected_235596,not_detected_235596,https://uploads7.wikiart.org/images/edward-hopper/not_detected_235596(1).jpg!Large.jpg,750,584
edward-hopper,Edward Hopper,Night Shadows,1921,https://www.wikiart.org/en/edward-hopper/not_detected_235603,not_detected_235603,https://uploads4.wikiart.org/images/edward-hopper/not_detected_235603.jpg!Large.jpg,739,600
edward-hopper,Edward Hopper,Evening Wind,1921,https://www.wikiart.org/en/edward-hopper/paris-street,paris-street,https://uploads6.wikiart.org/images/edward-hopper/paris-street.jpg!Large.jpg,436,600
edward-hopper,Edward Hopper,House Tops,1921,https://www.wikiart.org/en/edward-hopper/read-pavillonde-flore,read-pavillonde-flore,https://uploads6.wikiart.org/images/edward-hopper/read-pavillonde-flore.jpg!Large.jpg,717,600
edward-hopper,Edward Hopper,Girl at a Sewing Machine,1921,https://www.wikiart.org/en/edward-hopper/stepsin-paris,stepsin-paris,https://uploads3.wikiart.org/00193/images/edward-hopper/9444.jpg!Large.jpg,420,600
edward-hopper,Edward Hopper,Evening Wind,1921,https://www.wikiart.org/en/edward-hopper/the-new-bridge,the-new-bridge,https://uploads8.wikiart.org/images/edward-hopper/the-new-bridge.jpg!Large.jpg,718,600
edward-hopper,Edward Hopper,Night Shadows,1921,https://www.wikiart.org/en/edward-hopper/night-shadows-1921,night-shadows-1921,https://uploads2.wikiart.org/images/edward-hopper/night-shadows-1921.jpg,650,552
edward-hopper,Edward Hopper,House Tops,1921,https://www.wikiart.org/en/edward-hopper/house-tops-1921,house-tops-1921,https://uploads8.wikiart.org/images/edward-hopper/house-tops-1921.jpg,600,454
edward-hopper,Edward Hopper,Night Shadows,1921,https://www.wikiart.org/en/edward-hopper/couple-drinking-1906,couple-drinking-1906,https://uploads0.wikiart.org/00243/images/edward-hopper/1906-050-couple-drinking.jpg!Large.jpg,750,501
edward-hopper,Edward Hopper,House Tops,1921,https://www.wikiart.org/en/edward-hopper/woman-at-cafe-table-1906,woman-at-cafe-table-1906,https://uploads3.wikiart.org/00243/images/edward-hopper/1906-057-woman-at-caf-table.jpg!Large.jpg,516,600
edward-hopper,Edward Hopper,The Railroad,1922,https://www.wikiart.org/en/edward-hopper/american-village,american-village,https://uploads1.wikiart.org/images/edward-hopper/american-village.jpg!Large.jpg,750,512
edward-hopper,Edward Hopper,New York Restaurant,1922,https://www.wikiart.org/en/edward-hopper/blue-night,blue-night,https://uploads3.wikiart.org/00281/images/edward-hopper/b4d028d9d685f88a085b423e0888f914.jpg!Large.jpg,750,366
edward-hopper,Edward Hopper,East Side Interior,1922,https://www.wikiart.org/en/edward-hopper/east-side-interior,east-side-interior,https://uploads3.wikiart.org/images/edward-hopper/east-side-interior.jpg!Large.jpg,742,600
edward-hopper,Edward Hopper,New York Restaurant,1922,https://www.wikiart.org/en/edward-hopper/elizabeth-griffiths-smith-hopper-the-artist-s-mother-1916,elizabeth-griffiths-smith-hopper-the-artist-s-mother-1916,https://uploads6.wikiart.org/images/edward-hopper/elizabeth-griffiths-smith-hopper-the-artist-s-mother-1916.jpg!Large.jpg,502,600
edward-hopper,Edward Hopper,East Side Interior,1922,https://www.wikiart.org/en/edward-hopper/gloucester-harbor,gloucester-harbor,https://uploads2.wikiart.org/images/edward-hopper/gloucester-harbor.jpg!Large.jpg,750,521
edward-hopper,Edward Hopper,New York Restaurant,1922,https://www.wikiart.org/en/edward-hopper/new-york-restaurant,new-york-restaurant,https://uploads3.wikiart.org/images/edward-hopper/new-york-restaurant.jpg,450,360
edward-hopper,Edward Hopper,New York Restaurant,1922,https://www.wikiart.org/en/edward-hopper/new-york-restaurant-1,new-york-restaurant-1,https://uploads6.wikiart.org/images/edward-hopper/new-york-restaurant-1.jpg!Large.jpg,750,581
edward-hopper,Edward Hopper,The Cat Boat,1922,https://www.wikiart.org/en/edward-hopper/not_detected_235609,not_detected_235609,https://uploads4.wikiart.org/images/edward-hopper/not_detected_235609.jpg!Large.jpg,683,600
edward-hopper,Edward Hopper,New York Restaurant,1922,https://www.wikiart.org/en/edward-hopper/notre-dame,notre-dame,https://uploads4.wikiart.org/images/edward-hopper/notre-dame.jpg!Large.jpg,720,600
edward-hopper,Edward Hopper,East Side Interior,1922,https://www.wikiart.org/en/edward-hopper/queensborough-bridge,queensborough-bridge,https://uploads5.wikiart.org/images/edward-hopper/queensborough-bridge.jpg!Large.jpg,750,510
edward-hopper,Edward Hopper,The Cat Boat,1922,https://www.wikiart.org/en/edward-hopper/road-in-maine,road-in-maine,https://uploads7.wikiart.org/images/edward-hopper/road-in-maine.jpg!Large.jpg,729,600
edward-hopper,Edward Hopper,New York Restaurant,1922,https://www.wikiart.org/en/edward-hopper/squam-light,squam-light,https://uploads5.wikiart.org/images/edward-hopper/squam-light.jpg!Large.jpg,729,600
edward-hopper,Edward Hopper,The Cat Boat,1922,https://www.wikiart.org/en/edward-hopper/the-cat-boat,the-cat-boat,https://uploads5.wikiart.org/images/edward-hopper/the-cat-boat.jpg,737,580
edward-hopper,Edward Hopper,The Railroad,1922,https://www.wikiart.org/en/edward-hopper/the-el-station,the-el-station,https://uploads8.wikiart.org/images/edward-hopper/the-el-station.jpg!Large.jpg,750,582
edward-hopper,Edward Hopper,East Side Interior,1922,https://www.wikiart.org/en/edward-hopper/the-bridge-of-art,the-bridge-of-art,https://uploads2.wikiart.org/images/edward-hopper/the-bridge-of-art.jpg!Large.jpg,716,600
edward-hopper,Edward Hopper,New York Restaurant,1922,https://www.wikiart.org/en/edward-hopper/the-quaid-grands-augustins,the-quaid-grands-augustins,https://uploads2.wikiart.org/images/edward-hopper/the-quaid-grands-augustins.jpg!Large.jpg,721,600
edward-hopper,Edward Hopper,New York Restaurant,1922,https://www.wikiart.org/en/edward-hopper/tramp-steamer,tramp-steamer,https://uploads7.wikiart.org/images/edward-hopper/tramp-steamer.jpg!Large.jpg,750,501
edward-hopper,Edward Hopper,The Railroad,1922,https://www.wikiart.org/en/edward-hopper/the-railroad-1922,the-railroad-1922,https://uploads1.wikiart.org/images/edward-hopper/the-railroad-1922.jpg,600,481
edward-hopper,Edward Hopper,The Railroad,1922,https://www.wikiart.org/en/edward-hopper/cove-at-ogunquit-whitney-1439-576x475,cove-at-ogunquit-whitney-1439-576x475,https://uploads5.wikiart.org/00155/images/edward-hopper/hopper-02-cove-at-ogunquit-whitney-1439-576x475.jpg,576,475
edward-hopper,Edward Hopper,The Cat Boat,1922,https://www.wikiart.org/en/edward-hopper/sailing-1911,sailing-1911,https://uploads2.wikiart.org/00193/images/edward-hopper/sailing-1911.jpg!Large.jpg,722,600
edward-hopper,Edward Hopper,Apartment Houses,1923,https://www.wikiart.org/en/edward-hopper/apartment-houses,apartment-houses,https://uploads1.wikiart.org/images/edward-hopper/apartment-houses.jpg!Large.jpg,750,594
edward-hopper,Edward Hopper,Jo Sketching at Good Harbour Beach,1923,https://www.wikiart.org/en/edward-hopper/bistro,bistro,https://uploads0.wikiart.org/images/edward-hopper/bistro.jpg!Large.jpg,723,600
edward-hopper,Edward Hopper,"Deck of a Beam Trawler, Gloucester",1923,https://www.wikiart.org/en/edward-hopper/deck-of-a-beam-trawler-gloucester,deck-of-a-beam-trawler-gloucester,https://uploads5.wikiart.org/00243/images/edward-hopper/1923-063-deck-of-beam-trawler.jpg!Large.jpg,750,497
edward-hopper,Edward Hopper,"Houses of Squam Light, Gloucester",1923,https://www.wikiart.org/en/edward-hopper/houses-of-squam-light-gloucester-1923,houses-of-squam-light-gloucester-1923,https://uploads6.wikiart.org/00243/images/edward-hopper/1923-064-houses-of-squam-light.jpg!Large.jpg,750,489
edward-hopper,Edward Hopper,Blynman Bridge,1923,https://www.wikiart.org/en/edward-hopper/model-sitting,model-sitting,https://uploads7.wikiart.org/images/edward-hopper/model-sitting.jpg!Large.jpg,504,600
edward-hopper,Edward Hopper,Moonlight Interior,1923,https://www.wikiart.org/en/edward-hopper/moonlight-interior,moonlight-interior,https://uploads3.wikiart.org/images/edward-hopper/moonlight-interior.jpg!Large.jpg,716,600
edward-hopper,Edward Hopper,Blynman Bridge,1923,https://www.wikiart.org/en/edward-hopper/self-portrait,self-portrait,https://uploads7.wikiart.org/images/edward-hopper/self-portrait.jpg!Large.jpg,480,600
edward-hopper,Edward Hopper,Jo Sketching at Good Harbour Beach,1923,https://www.wikiart.org/en/edward-hopper/study-of-a-seated-woman,study-of-a-seated-woman,https://uploads8.wikiart.org/images/edward-hopper/study-of-a-seated-woman.jpg!Large.jpg,476,600
edward-hopper,Edward Hopper,Small Town on Cove,1923,https://www.wikiart.org/en/edward-hopper/study-of-a-standing-woman,study-of-a-standing-woman,https://uploads1.wikiart.org/images/edward-hopper/study-of-a-standing-woman.jpg!Large.jpg,348,600
edward-hopper,Edward Hopper,Small Town on Cove,1923,https://www.wikiart.org/en/edward-hopper/summer-interior,summer-interior,https://uploads0.wikiart.org/images/edward-hopper/summer-interior.jpg!Large.jpg,722,600
edward-hopper,Edward Hopper,The Mansard Roof,1923,https://www.wikiart.org/en/edward-hopper/the-mansard-roof-1923,the-mansard-roof-1923,https://uploads6.wikiart.org/images/edward-hopper/the-mansard-roof-1923.jpg!Large.jpg,750,516
edward-hopper,Edward Hopper,Small Town on Cove,1923,https://www.wikiart.org/en/edward-hopper/the-monhegan-boat,the-monhegan-boat,https://uploads2.wikiart.org/images/edward-hopper/the-monhegan-boat.jpg!Large.jpg,750,568
edward-hopper,Edward Hopper,Blynman Bridge,1923,https://www.wikiart.org/en/edward-hopper/valley-of-the-seine,valley-of-the-seine,https://uploads4.wikiart.org/images/edward-hopper/valley-of-the-seine.jpg!Large.jpg,750,514
edward-hopper,Edward Hopper,Jo Sketching at Good Harbour Beach,1923,https://www.wikiart.org/en/edward-hopper/night-on-the-el-train-1918,night-on-the-el-train-1918,https://uploads1.wikiart.org/images/edward-hopper/night-on-the-el-train-1918.jpg,600,564
edward-hopper,Edward Hopper,House in Italian Quarter,1923,https://www.wikiart.org/en/edward-hopper/house-in-italian-quarter-1922,house-in-italian-quarter-1922,https://uploads0.wikiart.org/00243/images/edward-hopper/1923-069-house-in-italian-quarter.jpg!Large.jpg,750,524
edward-hopper,Edward Hopper,Street Corner,1923,https://www.wikiart.org/en/edward-hopper/street-corner-1920,street-corner-1920,https://uploads6.wikiart.org/00243/images/edward-hopper/1923-080-street-corne.jpg!Large.jpg,750,529
edward-hopper,Edward Hopper,White House with Dormer Window,1923,https://www.wikiart.org/en/edward-hopper/white-house-with-dormer-window-1923,white-house-with-dormer-window-1923,https://uploads6.wikiart.org/00243/images/edward-hopper/1923-085-white-house-with-dormer-window.jpg!Large.jpg,750,484
edward-hopper,Edward Hopper,Bell Tower,1923,https://www.wikiart.org/en/edward-hopper/bell-tower-1921,bell-tower-1921,https://uploads4.wikiart.org/00243/images/edward-hopper/1923-088-bell-tower.jpg!Large.jpg,750,521
edward-hopper,Edward Hopper,Small Town on Cove,1923,https://www.wikiart.org/en/edward-hopper/small-town-on-cove-1923,small-town-on-cove-1923,https://uploads3.wikiart.org/00243/images/edward-hopper/1923-089-small-town-on-cove.jpg!Large.jpg,750,518
edward-hopper,Edward Hopper,Jo Sketching at Good Harbour Beach,1923,https://www.wikiart.org/en/edward-hopper/jo-sketching-at-good-harbour-beach-1923,jo-sketching-at-good-harbour-beach-1923,https://uploads1.wikiart.org/00243/images/edward-hopper/1923-090-jo-sketching-at-good-harbour-beach.jpg!Large.jpg,750,520
edward-hopper,Edward Hopper,Blynman Bridge,1923,https://www.wikiart.org/en/edward-hopper/blynman-bridge-1923,blynman-bridge-1923,https://uploads1.wikiart.org/00243/images/edward-hopper/1923-091-blynman-bridge-1.jpg!Large.jpg,750,515
edward-hopper,Edward Hopper,Funnel of Trawler,1924,https://www.wikiart.org/en/edward-hopper/funell-of-trawler,funell-of-trawler,https://uploads1.wikiart.org/images/edward-hopper/funell-of-trawler.jpg,528,368
edward-hopper,Edward Hopper,Gloucester Mansion,1924,https://www.wikiart.org/en/edward-hopper/gloucester-mansion,gloucester-mansion,https://uploads3.wikiart.org/images/edward-hopper/gloucester-mansion.jpg!Large.jpg,750,528
edward-hopper,Edward Hopper,"House at the Fort, Gloucester",1924,https://www.wikiart.org/en/edward-hopper/house-at-the-fort-gloucester,house-at-the-fort-gloucester,https://uploads2.wikiart.org/00243/images/edward-hopper/1924-108-house-at-the-fort.jpg!Large.jpg,750,528
edward-hopper,Edward Hopper,"New York Pavements,",1924,https://www.wikiart.org/en/edward-hopper/not_detected_235604,not_detected_235604,https://uploads4.wikiart.org/images/edward-hopper/not_detected_235604.jpg!Large.jpg,699,600
edward-hopper,Edward Hopper,Rocks at the Fort Gloucester,1924,https://www.wikiart.org/en/edward-hopper/rocks-at-the-fort-gloucester,rocks-at-the-fort-gloucester,https://uploads4.wikiart.org/images/edward-hopper/rocks-at-the-fort-gloucester.jpg!Large.jpg,598,600
edward-hopper,Edward Hopper,House on the Shore,1924,https://www.wikiart.org/en/edward-hopper/house-on-the-shore-1924,house-on-the-shore-1924,https://uploads3.wikiart.org/00243/images/edward-hopper/1924-101-house-on-the-shore.jpg!Large.jpg,750,525
edward-hopper,Edward Hopper,Reclining Nude,1924,https://www.wikiart.org/en/edward-hopper/reclining-nude-1924,reclining-nude-1924,https://uploads8.wikiart.org/00243/images/edward-hopper/1924-114-reclining-nude.jpg!Large.jpg,750,523
edward-hopper,Edward Hopper,Adobe Houses,1925,https://www.wikiart.org/en/edward-hopper/adobe-houses,adobe-houses,https://uploads6.wikiart.org/images/edward-hopper/adobe-houses.jpg!Large.jpg,750,524
edward-hopper,Edward Hopper,"Adobes and Shed, New Mexico",1925,https://www.wikiart.org/en/edward-hopper/adobes-and-shed-new-mexico,adobes-and-shed-new-mexico,https://uploads2.wikiart.org/images/edward-hopper/adobes-and-shed-new-mexico.jpg!Large.jpg,750,524
edward-hopper,Edward Hopper,D. & R. G. Locomotive,1925,https://www.wikiart.org/en/edward-hopper/d-r-g-locomotive,d-r-g-locomotive,https://uploads1.wikiart.org/images/edward-hopper/d-r-g-locomotive.jpg!Large.jpg,750,509
edward-hopper,Edward Hopper,House by the Railroad,1925,https://www.wikiart.org/en/edward-hopper/house-by-the-railroad,house-by-the-railroad,https://uploads6.wikiart.org/images/edward-hopper/house-by-the-railroad.jpg!Large.jpg,687,600
edward-hopper,Edward Hopper,The Bootleggers,1925,https://www.wikiart.org/en/edward-hopper/the-bootleggers,the-bootleggers,https://uploads0.wikiart.org/images/edward-hopper/the-bootleggers.jpg!Large.jpg,750,583
edward-hopper,Edward Hopper,Interior (Model reading),1925,https://www.wikiart.org/en/edward-hopper/interior-model-reading-1925,interior-model-reading-1925,https://uploads7.wikiart.org/00243/images/edward-hopper/1925-118-interior-model-reading.jpg!Large.jpg,750,525
edward-hopper,Edward Hopper,Davis House,1926,https://www.wikiart.org/en/edward-hopper/davis-house,davis-house,https://uploads5.wikiart.org/images/edward-hopper/davis-house.jpg!Large.jpg,750,537
edward-hopper,Edward Hopper,Eleven A.M.,1926,https://www.wikiart.org/en/edward-hopper/eleven-a-m,eleven-a-m,https://uploads4.wikiart.org/images/edward-hopper/eleven-a-m.jpg!Large.jpg,683,600
edward-hopper,Edward Hopper,Railroad Crossing,1926,https://www.wikiart.org/en/edward-hopper/railroad-crossing,railroad-crossing,https://uploads2.wikiart.org/images/edward-hopper/railroad-crossing.jpg!Large.jpg,750,536
edward-hopper,Edward Hopper,Sunday,1926,https://www.wikiart.org/en/edward-hopper/sunday,sunday,https://uploads0.wikiart.org/images/edward-hopper/sunday.jpg!Large.jpg,688,600
edward-hopper,Edward Hopper,Automat,1927,https://www.wikiart.org/en/edward-hopper/automat-1927,automat-1927,https://uploads6.wikiart.org/images/edward-hopper/automat-1927.jpg!Large.jpg,750,595
edward-hopper,Edward Hopper,"Coast Guard Station, Two Lights, Maine",1927,https://www.wikiart.org/en/edward-hopper/coast-guard-station,coast-guard-station,https://uploads3.wikiart.org/images/edward-hopper/coast-guard-station.jpg,400,282
edward-hopper,Edward Hopper,Drug Store,1927,https://www.wikiart.org/en/edward-hopper/drug-store-1927,drug-store-1927,https://uploads0.wikiart.org/images/edward-hopper/drug-store-1927.jpg!Large.jpg,750,544
edward-hopper,Edward Hopper,Light at Two lights,1927,https://www.wikiart.org/en/edward-hopper/light-at-two-lights,light-at-two-lights,https://uploads4.wikiart.org/images/edward-hopper/light-at-two-lights.jpg!Large.jpg,750,530
edward-hopper,Edward Hopper,"Lighthouse and Buildings, Portland Head, Cape Elizabeth, Maine",1927,https://www.wikiart.org/en/edward-hopper/lighthouse-and-buildings-portland-head-cape-elizabeth-maine-1927,lighthouse-and-buildings-portland-head-cape-elizabeth-maine-1927,https://uploads4.wikiart.org/images/edward-hopper/lighthouse-and-buildings-portland-head-cape-elizabeth-maine-1927.jpg!Large.jpg,750,524
edward-hopper,Edward Hopper,Lighthouse HIll,1927,https://www.wikiart.org/en/edward-hopper/lighthouse-hill,lighthouse-hill,https://uploads8.wikiart.org/images/edward-hopper/lighthouse-hill.jpg,682,473
edward-hopper,Edward Hopper,Reclining Nude,1927,https://www.wikiart.org/en/edward-hopper/reclining-nude,reclining-nude,https://uploads8.wikiart.org/images/edward-hopper/reclining-nude.jpg!Large.jpg,750,523
edward-hopper,Edward Hopper,The City,1927,https://www.wikiart.org/en/edward-hopper/the-city,the-city,https://uploads2.wikiart.org/images/edward-hopper/the-city.jpg!Large.jpg,750,587
edward-hopper,Edward Hopper,Two on the Aisle,1927,https://www.wikiart.org/en/edward-hopper/two-on-the-aisle,two-on-the-aisle,https://uploads1.wikiart.org/images/edward-hopper/two-on-the-aisle.jpg!Large.jpg,636,600
edward-hopper,Edward Hopper,"House of the Foghorn, I",1927,https://www.wikiart.org/en/edward-hopper/house-of-the-foghorn-i-1927,house-of-the-foghorn-i-1927,https://uploads2.wikiart.org/images/edward-hopper/house-of-the-foghorn-i-1927.jpg,600,418
edward-hopper,Edward Hopper,Adam's House,1928,https://www.wikiart.org/en/edward-hopper/adam-s-house,adam-s-house,https://uploads6.wikiart.org/images/edward-hopper/adam-s-house.jpg!Large.jpg,750,464
edward-hopper,Edward Hopper,Night Windows,1928,https://www.wikiart.org/en/edward-hopper/night-windows,night-windows,https://uploads7.wikiart.org/images/edward-hopper/night-windows.jpg!Large.jpg,683,600
edward-hopper,Edward Hopper,Manhattan Bridge Loop,1928,https://www.wikiart.org/en/edward-hopper/not_detected_235605,not_detected_235605,https://uploads7.wikiart.org/images/edward-hopper/not_detected_235605(1).jpg!Large.jpg,750,437
edward-hopper,Edward Hopper,From Williamsburg Bridge,1928,https://www.wikiart.org/en/edward-hopper/from-williamsburg-bridge-1928,from-williamsburg-bridge-1928,https://uploads8.wikiart.org/00243/images/edward-hopper/hb-37573221838.jpg!Large.jpg,750,502
edward-hopper,Edward Hopper,Blackwell's Island,1928,https://www.wikiart.org/en/edward-hopper/blackwell-s-island-1928,blackwell-s-island-1928,https://uploads8.wikiart.org/images/edward-hopper/blackwell-s-island-1928.jpg!Large.jpg,750,433
edward-hopper,Edward Hopper,Baptistry of St. John's,1929,https://www.wikiart.org/en/edward-hopper/baptistry-of-st-john-s,baptistry-of-st-john-s,https://uploads7.wikiart.org/images/edward-hopper/baptistry-of-st-john-s.jpg!Large.jpg,750,531
edward-hopper,Edward Hopper,Chop Suey,1929,https://www.wikiart.org/en/edward-hopper/chop-suey-1929,chop-suey-1929,https://uploads8.wikiart.org/images/edward-hopper/chop-suey-1929.jpg!Large.jpg,724,600
edward-hopper,Edward Hopper,Lighthouse at Two Lights,1929,https://www.wikiart.org/en/edward-hopper/lighthouse-at-two-lights-1929,lighthouse-at-two-lights-1929,https://uploads7.wikiart.org/images/edward-hopper/lighthouse-at-two-lights-1929(1).jpg,650,445
edward-hopper,Edward Hopper,Railroad Sunset,1929,https://www.wikiart.org/en/edward-hopper/railroad-sunset,railroad-sunset,https://uploads0.wikiart.org/images/edward-hopper/railroad-sunset.jpg!Large.jpg,750,516
edward-hopper,Edward Hopper,"Barn and Silo, Vermont",1929,https://www.wikiart.org/en/edward-hopper/barn-and-silo-vermont-1929,barn-and-silo-vermont-1929,https://uploads1.wikiart.org/images/edward-hopper/barn-and-silo-vermont-1929.jpg,600,418
edward-hopper,Edward Hopper,"Folly Beach, Charleston, South Carolina",1929,https://www.wikiart.org/en/edward-hopper/folly-beach-charleston-south-carolina-1929,folly-beach-charleston-south-carolina-1929,https://uploads8.wikiart.org/images/edward-hopper/folly-beach-charleston-south-carolina-1929.jpg,600,418
edward-hopper,Edward Hopper,Burly Cobb Hen Coop and Barn,1930,https://www.wikiart.org/en/edward-hopper/burly-cobb-hen-coop-and-barn,burly-cobb-hen-coop-and-barn,https://uploads4.wikiart.org/images/edward-hopper/burly-cobb-hen-coop-and-barn.jpg!Large.jpg,750,535
edward-hopper,Edward Hopper,Corn Hill,1930,https://www.wikiart.org/en/edward-hopper/corn-hill,corn-hill,https://uploads3.wikiart.org/images/edward-hopper/corn-hill.jpg!Large.jpg,750,489
edward-hopper,Edward Hopper,Early Sunday Morning,1930,https://www.wikiart.org/en/edward-hopper/early-sunday-morning,early-sunday-morning,https://uploads5.wikiart.org/images/edward-hopper/early-sunday-morning.jpg!Large.jpg,750,432
edward-hopper,Edward Hopper,Cobbs Barns and Distant Houses,1930,https://www.wikiart.org/en/edward-hopper/not_detected_235608,not_detected_235608,https://uploads4.wikiart.org/images/edward-hopper/not_detected_235608.jpg!Large.jpg,750,581
edward-hopper,Edward Hopper,Self-Portrait,1930,https://www.wikiart.org/en/edward-hopper/self-portrait-1930,self-portrait-1930,https://uploads3.wikiart.org/images/edward-hopper/self-portrait-1930.jpg!Large.jpg,444,600
edward-hopper,Edward Hopper,South Truro Church,1930,https://www.wikiart.org/en/edward-hopper/south-truro-church,south-truro-church,https://uploads3.wikiart.org/images/edward-hopper/south-truro-church.jpg!Large.jpg,750,502
edward-hopper,Edward Hopper,Tables for Ladies,1930,https://www.wikiart.org/en/edward-hopper/tables-for-ladies-1930,tables-for-ladies-1930,https://uploads7.wikiart.org/images/edward-hopper/tables-for-ladies-1930.jpg!Large.jpg,750,581
edward-hopper,Edward Hopper,The Long Leg,1930,https://www.wikiart.org/en/edward-hopper/the-long-leg,the-long-leg,https://uploads6.wikiart.org/images/edward-hopper/the-long-leg.jpg!Large.jpg,750,508
edward-hopper,Edward Hopper,Freight Car at Truro,1931,https://www.wikiart.org/en/edward-hopper/freight-car-at-truro,freight-car-at-truro,https://uploads5.wikiart.org/images/edward-hopper/freight-car-at-truro.jpg!Large.jpg,750,530
edward-hopper,Edward Hopper,Hotel room,1931,https://www.wikiart.org/en/edward-hopper/hotel-room,hotel-room,https://uploads4.wikiart.org/images/edward-hopper/hotel-room.jpg!Large.jpg,658,600
edward-hopper,Edward Hopper,"New York, New Haven and Hartford",1931,https://www.wikiart.org/en/edward-hopper/new-york-new-haven-and-hartford,new-york-new-haven-and-hartford,https://uploads7.wikiart.org/images/edward-hopper/new-york-new-haven-and-hartford.jpg!Large.jpg,750,478
edward-hopper,Edward Hopper,The Barber Shop,1931,https://www.wikiart.org/en/edward-hopper/the-barber-shop,the-barber-shop,https://uploads0.wikiart.org/images/edward-hopper/the-barber-shop.jpg!Large.jpg,750,580
edward-hopper,Edward Hopper,The Camel's Hump,1931,https://www.wikiart.org/en/edward-hopper/the-camel-s-hump,the-camel-s-hump,https://uploads1.wikiart.org/images/edward-hopper/the-camel-s-hump.jpg!Large.jpg,750,490
edward-hopper,Edward Hopper,City Roofs,1932,https://www.wikiart.org/en/edward-hopper/city-roofs,city-roofs,https://uploads4.wikiart.org/00243/images/edward-hopper/1932-288-city-roofs.jpg!Large.jpg,750,597
edward-hopper,Edward Hopper,Room in Brooklyn,1932,https://www.wikiart.org/en/edward-hopper/not_detected_235606,not_detected_235606,https://uploads4.wikiart.org/images/edward-hopper/not_detected_235606.jpg!Large.jpg,661,600
edward-hopper,Edward Hopper,"Burly Cobb's House, South Truro",1933,https://www.wikiart.org/en/edward-hopper/burly-cobb-s-house-south-truro-1933,burly-cobb-s-house-south-truro-1933,https://uploads2.wikiart.org/images/edward-hopper/burly-cobb-s-house-south-truro-1933.jpg!Large.jpg,750,528
edward-hopper,Edward Hopper,Ryders House,1933,https://www.wikiart.org/en/edward-hopper/ryders-house,ryders-house,https://uploads8.wikiart.org/00243/images/edward-hopper/e55d4e80abe3d2168b8b4267cdfc7c4a.jpg!Large.jpg,750,542
edward-hopper,Edward Hopper,"Sun on Prospect Street (Gloucester, Massachusetts)",1934,https://www.wikiart.org/en/edward-hopper/sun-on-prospect-street-gloucester-massachusetts-1934,sun-on-prospect-street-gloucester-massachusetts-1934,https://uploads1.wikiart.org/images/edward-hopper/sun-on-prospect-street-gloucester-massachusetts-1934.jpg!Large.jpg,750,520
edward-hopper,Edward Hopper,House At Dusk,1935,https://www.wikiart.org/en/edward-hopper/house-at-dusk,house-at-dusk,https://uploads7.wikiart.org/images/edward-hopper/house-at-dusk.jpg!Large.jpg,750,554
edward-hopper,Edward Hopper,Shakespeare at Dusk,1935,https://www.wikiart.org/en/edward-hopper/shakespeare-at-dusk,shakespeare-at-dusk,https://uploads4.wikiart.org/images/edward-hopper/shakespeare-at-dusk.jpg!Large.jpg,750,506
edward-hopper,Edward Hopper,Cape Cod Afternoon,1936,https://www.wikiart.org/en/edward-hopper/cape-cod-afternoon,cape-cod-afternoon,https://uploads3.wikiart.org/images/edward-hopper/cape-cod-afternoon.jpg!Large.jpg,750,561
edward-hopper,Edward Hopper,Jo Painting,1936,https://www.wikiart.org/en/edward-hopper/jo-painting,jo-painting,https://uploads5.wikiart.org/images/edward-hopper/jo-painting.jpg!Large.jpg,507,600
edward-hopper,Edward Hopper,Cape Cod Afternoon,1936,https://www.wikiart.org/en/edward-hopper/not_detected_235602,not_detected_235602,https://uploads7.wikiart.org/images/edward-hopper/not_detected_235602(1).jpg!Large.jpg,750,561
edward-hopper,Edward Hopper,The Circle Theatre,1936,https://www.wikiart.org/en/edward-hopper/the-circle-theatre,the-circle-theatre,https://uploads3.wikiart.org/images/edward-hopper/the-circle-theatre.jpg!Large.jpg,750,568
edward-hopper,Edward Hopper,Five A.M.,1937,https://www.wikiart.org/en/edward-hopper/five-a-m,five-a-m,https://uploads1.wikiart.org/images/edward-hopper/five-a-m.jpg,718,499
edward-hopper,Edward Hopper,Sheridan Theatre,1937,https://www.wikiart.org/en/edward-hopper/sheridan-theatre,sheridan-theatre,https://uploads1.wikiart.org/images/edward-hopper/sheridan-theatre.jpg!Large.jpg,750,506
edward-hopper,Edward Hopper,White River at Sharon,1937,https://www.wikiart.org/en/edward-hopper/white-river-at-sharon,white-river-at-sharon,https://uploads5.wikiart.org/images/edward-hopper/white-river-at-sharon.jpg,528,376
edward-hopper,Edward Hopper,Compartment Car,1938,https://www.wikiart.org/en/edward-hopper/compartment-car,compartment-car,https://uploads2.wikiart.org/00281/images/edward-hopper/1938.jpg!Large.jpg,531,600
edward-hopper,Edward Hopper,"First Branch of the White River, Vermont",1938,https://www.wikiart.org/en/edward-hopper/first-branch-of-the-white-river-vermont,first-branch-of-the-white-river-vermont,https://uploads6.wikiart.org/images/edward-hopper/first-branch-of-the-white-river-vermont.jpg!Large.jpg,750,594
edward-hopper,Edward Hopper,Bridle Path,1939,https://www.wikiart.org/en/edward-hopper/bridle-path,bridle-path,https://uploads5.wikiart.org/images/edward-hopper/bridle-path.jpg!Large.jpg,750,508
edward-hopper,Edward Hopper,Cape Cod Evening,1939,https://www.wikiart.org/en/edward-hopper/cape-cod-evening,cape-cod-evening,https://uploads4.wikiart.org/images/edward-hopper/cape-cod-evening(1).jpg!Large.jpg,750,555
edward-hopper,Edward Hopper,Ground Swell,1939,https://www.wikiart.org/en/edward-hopper/ground-swell,ground-swell,https://uploads6.wikiart.org/images/edward-hopper/ground-swell.jpg!Large.jpg,750,555
edward-hopper,Edward Hopper,New York Movie,1939,https://www.wikiart.org/en/edward-hopper/not_detected_235598,not_detected_235598,https://uploads7.wikiart.org/images/edward-hopper/not_detected_235598(1).jpg!Large.jpg,743,600
edward-hopper,Edward Hopper,Gas,1940,https://www.wikiart.org/en/edward-hopper/gas,gas,https://uploads6.wikiart.org/images/edward-hopper/gas.jpg!Large.jpg,750,516
edward-hopper,Edward Hopper,Room in New York,1940,https://www.wikiart.org/en/edward-hopper/not_detected_235607,not_detected_235607,https://uploads7.wikiart.org/images/edward-hopper/not_detected_235607(1).jpg!Large.jpg,750,598
edward-hopper,Edward Hopper,Office at Night,1940,https://www.wikiart.org/en/edward-hopper/office-at-night,office-at-night,https://uploads0.wikiart.org/images/edward-hopper/office-at-night.jpg!Large.jpg,750,581
edward-hopper,Edward Hopper,House by a Road,1940,https://www.wikiart.org/en/edward-hopper/house-by-a-road-1940,house-by-a-road-1940,https://uploads0.wikiart.org/00243/images/edward-hopper/1940-314-house-by-a-road.jpg!Large.jpg,750,570
edward-hopper,Edward Hopper,The Lee Shore,1941,https://www.wikiart.org/en/edward-hopper/the-lee-shore,the-lee-shore,https://uploads7.wikiart.org/images/edward-hopper/the-lee-shore.jpg!Large.jpg,750,483
edward-hopper,Edward Hopper,Girlie Show,1941,https://www.wikiart.org/en/edward-hopper/girlie-show-1941,girlie-show-1941,https://uploads3.wikiart.org/00101/images/edward-hopper/1941.jpg!Large.jpg,715,600
edward-hopper,Edward Hopper,Nighthawks,1942,https://www.wikiart.org/en/edward-hopper/nighthawks,nighthawks,https://uploads2.wikiart.org/00129/images/edward-hopper/nighthawks.jpg!Large.jpg,750,409
edward-hopper,Edward Hopper,Hotel Lobby,1943,https://www.wikiart.org/en/edward-hopper/hotel-lobby,hotel-lobby,https://uploads5.wikiart.org/images/edward-hopper/hotel-lobby.jpg!Large.jpg,732,600
edward-hopper,Edward Hopper,Summertime,1943,https://www.wikiart.org/en/edward-hopper/summertime,summertime,https://uploads1.wikiart.org/00283/images/edward-hopper/summertimehd.jpg!Large.jpg,750,542
edward-hopper,Edward Hopper,Saltillo Mansion,1943,https://www.wikiart.org/en/edward-hopper/saltillo-mansion-1943,saltillo-mansion-1943,https://uploads1.wikiart.org/00243/images/edward-hopper/1943-342-saltillo-mansion.jpg!Large.jpg,750,586
edward-hopper,Edward Hopper,Morning in a City,1944,https://www.wikiart.org/en/edward-hopper/morning-in-a-city,morning-in-a-city,https://uploads2.wikiart.org/images/edward-hopper/morning-in-a-city.jpg!Large.jpg,750,554
edward-hopper,Edward Hopper,August in the City,1945,https://www.wikiart.org/en/edward-hopper/august-in-the-city,august-in-the-city,https://uploads6.wikiart.org/images/edward-hopper/august-in-the-city(1).jpg!Large.jpg,750,580
edward-hopper,Edward Hopper,Rooms for Tourists,1945,https://www.wikiart.org/en/edward-hopper/rooms-for-tourists,rooms-for-tourists,https://uploads3.wikiart.org/images/edward-hopper/rooms-for-tourists.jpg!Large.jpg,750,582
edward-hopper,Edward Hopper,El Palacio,1946,https://www.wikiart.org/en/edward-hopper/el-palacio,el-palacio,https://uploads4.wikiart.org/images/edward-hopper/el-palacio.jpg!Large.jpg,750,545
edward-hopper,Edward Hopper,Jo In Wyoming,1946,https://www.wikiart.org/en/edward-hopper/jo-in-wyoming,jo-in-wyoming,https://uploads7.wikiart.org/images/edward-hopper/jo-in-wyoming.jpg!Large.jpg,750,528
edward-hopper,Edward Hopper,Church of San Esteban,1946,https://www.wikiart.org/en/edward-hopper/church-of-san-esteban-1946,church-of-san-esteban-1946,https://uploads1.wikiart.org/images/edward-hopper/church-of-san-esteban-1946.jpg,600,439
edward-hopper,Edward Hopper,Pennsylvania coal town,1947,https://www.wikiart.org/en/edward-hopper/pennsylvania-coal-town,pennsylvania-coal-town,https://uploads7.wikiart.org/images/edward-hopper/pennsylvania-coal-town.jpg!Large.jpg,750,533
edward-hopper,Edward Hopper,Summer Evening,1947,https://www.wikiart.org/en/edward-hopper/summer-evening,summer-evening,https://uploads8.wikiart.org/images/edward-hopper/summer-evening.jpg!Large.jpg,750,531
edward-hopper,Edward Hopper,Seven A.M.,1948,https://www.wikiart.org/en/edward-hopper/seven-a-m,seven-a-m,https://uploads3.wikiart.org/images/edward-hopper/seven-a-m.jpg!Large.jpg,750,571
edward-hopper,Edward Hopper,Conference At Night,1949,https://www.wikiart.org/en/edward-hopper/conference-at-night,conference-at-night,https://uploads4.wikiart.org/images/edward-hopper/conference-at-night.jpg!Large.jpg,750,525
edward-hopper,Edward Hopper,High Noon,1949,https://www.wikiart.org/en/edward-hopper/not_detected_235611,not_detected_235611,https://uploads4.wikiart.org/images/edward-hopper/not_detected_235611.jpg!Large.jpg,750,516
edward-hopper,Edward Hopper,Cape Cod Morning,1950,https://www.wikiart.org/en/edward-hopper/cape-cod-morning,cape-cod-morning,https://uploads1.wikiart.org/images/edward-hopper/cape-cod-morning.jpg!Large.jpg,700,600
edward-hopper,Edward Hopper,Summer in the City,1950,https://www.wikiart.org/en/edward-hopper/summer-in-the-city-1950,summer-in-the-city-1950,https://uploads7.wikiart.org/images/edward-hopper/summer-in-the-city-1950.jpg,640,451
edward-hopper,Edward Hopper,First Row Orchestra,1951,https://www.wikiart.org/en/edward-hopper/first-row-orchestra,first-row-orchestra,https://uploads3.wikiart.org/images/edward-hopper/first-row-orchestra.jpg,400,310
edward-hopper,Edward Hopper,Rooms By The Sea,1951,https://www.wikiart.org/en/edward-hopper/rooms-by-the-sea,rooms-by-the-sea,https://uploads1.wikiart.org/images/edward-hopper/rooms-by-the-sea.jpg!Large.jpg,750,550
edward-hopper,Edward Hopper,Hotel By A Railroad,1952,https://www.wikiart.org/en/edward-hopper/hotel-by-a-railroad,hotel-by-a-railroad,https://uploads4.wikiart.org/images/edward-hopper/hotel-by-a-railroad.jpg!Large.jpg,750,579
edward-hopper,Edward Hopper,Morning Sun,1952,https://www.wikiart.org/en/edward-hopper/morning-sun,morning-sun,https://uploads5.wikiart.org/images/edward-hopper/morning-sun.jpg!Large.jpg,750,524
edward-hopper,Edward Hopper,Office in a Small City,1953,https://www.wikiart.org/en/edward-hopper/office-in-a-small-city-1953,office-in-a-small-city-1953,https://uploads4.wikiart.org/images/edward-hopper/not_detected_235610.jpg!Large.jpg,750,581
edward-hopper,Edward Hopper,Carolina Morning,1955,https://www.wikiart.org/en/edward-hopper/carolina-morning,carolina-morning,https://uploads1.wikiart.org/images/edward-hopper/carolina-morning.jpg!Large.jpg,750,600
edward-hopper,Edward Hopper,Hotel Window,1955,https://www.wikiart.org/en/edward-hopper/hotel-window,hotel-window,https://uploads6.wikiart.org/images/edward-hopper/hotel-window.jpg!Large.jpg,750,538
edward-hopper,Edward Hopper,Sunlight on Brownstones,1956,https://www.wikiart.org/en/edward-hopper/sunlight-on-brownstones,sunlight-on-brownstones,https://uploads8.wikiart.org/images/edward-hopper/sunlight-on-brownstones.jpg!Large.jpg,723,600
edward-hopper,Edward Hopper,Western Motel,1957,https://www.wikiart.org/en/edward-hopper/western-motel,western-motel,https://uploads7.wikiart.org/images/edward-hopper/western-motel.jpg!Large.jpg,750,516
edward-hopper,Edward Hopper,Sunlights in Cafeteria,1958,https://www.wikiart.org/en/edward-hopper/sunlights-in-cafeteria,sunlights-in-cafeteria,https://uploads7.wikiart.org/images/edward-hopper/sunlights-in-cafeteria.jpg!Large.jpg,750,516
edward-hopper,Edward Hopper,Excursion into Philosophy,1959,https://www.wikiart.org/en/edward-hopper/excursion-into-philosophy-1959,excursion-into-philosophy-1959,https://uploads0.wikiart.org/00101/images/edward-hopper/2.jpg!Large.jpg,750,565
edward-hopper,Edward Hopper,People In The Sun,1960,https://www.wikiart.org/en/edward-hopper/people-in-the-sun,people-in-the-sun,https://uploads2.wikiart.org/images/edward-hopper/people-in-the-sun.jpg!Large.jpg,750,510
edward-hopper,Edward Hopper,Second Story Sunlight,1960,https://www.wikiart.org/en/edward-hopper/second-story-sunlight,second-story-sunlight,https://uploads6.wikiart.org/images/edward-hopper/second-story-sunlight.jpg!Large.jpg,733,600
edward-hopper,Edward Hopper,Woman in the Sun,1961,https://www.wikiart.org/en/edward-hopper/woman-in-the-sun,woman-in-the-sun,https://uploads1.wikiart.org/images/edward-hopper/woman-in-the-sun.jpg!Large.jpg,750,503
edward-hopper,Edward Hopper,New York Office,1962,https://www.wikiart.org/en/edward-hopper/new-york-office,new-york-office,https://uploads0.wikiart.org/images/edward-hopper/new-york-office.jpg!Large.jpg,722,600
edward-hopper,Edward Hopper,Intermission (also known as Intermedio),1963,https://www.wikiart.org/en/edward-hopper/intermission-also-known-as-intermedio,intermission-also-known-as-intermedio,https://uploads4.wikiart.org/images/edward-hopper/intermission-also-known-as-intermedio.jpg!Large.jpg,750,492
edward-hopper,Edward Hopper,Sun in an Empty Room,1963,https://www.wikiart.org/en/edward-hopper/sun-in-an-empty-room,sun-in-an-empty-room,https://uploads5.wikiart.org/images/edward-hopper/sun-in-an-empty-room.jpg!Large.jpg,750,543
edward-hopper,Edward Hopper,Chair Car,1965,https://www.wikiart.org/en/edward-hopper/chair-car-1965,chair-car-1965,https://uploads8.wikiart.org/images/edward-hopper/chair-car-1965.jpg!Large.jpg,750,588
edward-hopper,Edward Hopper,Two Comedians,1965,https://www.wikiart.org/en/edward-hopper/two-comedians,two-comedians,https://uploads6.wikiart.org/images/edward-hopper/two-comedians.jpg,595,420
