file,artist,artist_name,title,year,wikiart_url,painting_url,image_url,width,height,styles,media,genres,tags,location,galleries,period,description
georges-seurat/georges-seurat__man-standing-leaning-on-a-stick-1877.jpg,georges-seurat,Georges Seurat,"Man standing, leaning on a stick",1877,https://www.wikiart.org/en/georges-seurat/man-standing-leaning-on-a-stick-1877,man-standing-leaning-on-a-stick-1877,https://uploads3.wikiart.org/images/georges-seurat/man-standing-leaning-on-a-stick-1877.jpg,341,512,Neoclassicism,crayon|paper,nude painting (nu),male-nude|Standing|Male|Shoulder|Human body|Muscle,France,,,
georges-seurat/georges-seurat__angelica-at-the-rock-after-ingres-1878.jpg,georges-seurat,Georges Seurat,Angelica at the rock (After ingres),1878,https://www.wikiart.org/en/georges-seurat/angelica-at-the-rock-after-ingres-1878,angelica-at-the-rock-after-ingres-1878,https://uploads5.wikiart.org/images/georges-seurat/angelica-at-the-rock-after-ingres-1878.jpg,396,500,Neoclassicism,oil|canvas,literary painting,"fictional-characters|Ludovico-Ariosto-""Orlando-Innamorato""|Angelica|Beauty",France,"Norton Simon Museum, Pasadena, CA, US",,
georges-seurat/georges-seurat__head-of-a-girl-1879.jpg,georges-seurat,Georges Seurat,Head of a Girl,1879,https://www.wikiart.org/en/georges-seurat/head-of-a-girl-1879,head-of-a-girl-1879,https://uploads5.wikiart.org/images/georges-seurat/head-of-a-girl-1879.jpg!Large.jpg,475,600,Post-Impressionism,oil|canvas,portrait,female-portraits,France,"Dumbarton Oaks Research Library and Collection, Washington, DC, US",,
georges-seurat/georges-seurat__landscape-at-saint-ouen-1879.jpg,georges-seurat,Georges Seurat,Landscape at Saint-Ouen,1879,https://www.wikiart.org/en/georges-seurat/landscape-at-saint-ouen-1879,landscape-at-saint-ouen-1879,https://uploads5.wikiart.org/images/georges-seurat/landscape-at-saint-ouen-1879.jpg!Large.jpg,750,487,Post-Impressionism,oil|wood,landscape,countryside|France|Saint-Ouen|cliffs-and-rocks|Sky,France,,,
georges-seurat/georges-seurat__vase-of-flowers-1879.jpg,georges-seurat,Georges Seurat,Vase of Flowers,1879,https://www.wikiart.org/en/georges-seurat/vase-of-flowers-1879,vase-of-flowers-1879,https://uploads6.wikiart.org/images/georges-seurat/vase-of-flowers-1879.jpg!Large.jpg,501,600,Impressionism,oil|canvas,still life,flowers-and-plants|furniture-and-decoration|Still life photography,France,"Harvard Art Museums, Cambridge, MA, US",,
georges-seurat/georges-seurat__soldier-fencing-another-reclining-1880.jpg,georges-seurat,Georges Seurat,"Soldier Fencing, Another Reclining",1880,https://www.wikiart.org/en/georges-seurat/soldier-fencing-another-reclining-1880,soldier-fencing-another-reclining-1880,https://uploads6.wikiart.org/images/georges-seurat/soldier-fencing-another-reclining-1880.jpg!Large.jpg,750,465,Post-Impressionism,colored pencils|graphite|paper,sketch and study,games-and-sport|Figure drawing|Sketch,France,Private Collection,,
georges-seurat/georges-seurat__female-from-back-black-woman-1881.jpg,georges-seurat,Georges Seurat,Female from back (black woman),1881,https://www.wikiart.org/en/georges-seurat/female-from-back-black-woman-1881,female-from-back-black-woman-1881,https://uploads0.wikiart.org/images/georges-seurat/female-from-back-black-woman-1881.jpg,347,512,Impressionism,crayon|paper,sketch and study,female-portraits|Text|Sketch|Line,France,"Musée Picasso, Paris, France",,
georges-seurat/georges-seurat__grassy-riverbank-1881.jpg,georges-seurat,Georges Seurat,Grassy Riverbank,1881,https://www.wikiart.org/en/georges-seurat/grassy-riverbank-1881,grassy-riverbank-1881,https://uploads7.wikiart.org/images/georges-seurat/grassy-riverbank-1881.jpg!Large.jpg,750,587,Post-Impressionism,oil|canvas,landscape,rivers-and-waterfalls|forests-and-trees|Tree,France,Private Collection,,
georges-seurat/georges-seurat__landscape-with-sinners-puvis-de-chava-1881.jpg,georges-seurat,Georges Seurat,"Landscape with ""sinners"" Puvis de Chava",1881,https://www.wikiart.org/en/georges-seurat/landscape-with-sinners-puvis-de-chava-1881,landscape-with-sinners-puvis-de-chava-1881,https://uploads1.wikiart.org/images/georges-seurat/landscape-with-sinners-puvis-de-chava-1881.jpg!Large.jpg,750,497,Post-Impressionism,oil|wood,landscape,arts-and-crafts|Picture frame,France,"Musée d'Orsay, Paris, France",,
georges-seurat/georges-seurat__man-leaning-on-a-parapet-1881.jpg,georges-seurat,Georges Seurat,Man leaning on a parapet,1881,https://www.wikiart.org/en/georges-seurat/man-leaning-on-a-parapet-1881,man-leaning-on-a-parapet-1881,https://uploads6.wikiart.org/images/georges-seurat/man-leaning-on-a-parapet-1881.jpg!Large.jpg,389,600,Impressionism,pastel|cardboard,genre painting,houses-and-buildings|Shadow|Tints and shades|Line,France,Private Collection,,
georges-seurat/georges-seurat__seated-woman-1881.jpg,georges-seurat,Georges Seurat,Seated Woman,1881,https://www.wikiart.org/en/georges-seurat/seated-woman-1881,seated-woman-1881,https://uploads3.wikiart.org/images/georges-seurat/seated-woman-1881.jpg!Large.jpg,414,600,Post-Impressionism,crayon|paper,genre painting,female-portraits,France,"Musée Picasso, Paris, France",,
georges-seurat/georges-seurat__stone-breakers-le-raincy-1881.jpg,georges-seurat,Georges Seurat,"Stone breakers, Le-Raincy",1881,https://www.wikiart.org/en/georges-seurat/stone-breakers-le-raincy-1881,stone-breakers-le-raincy-1881,https://uploads5.wikiart.org/images/georges-seurat/stone-breakers-le-raincy-1881.jpg,520,427,Impressionism,crayon|paper,genre painting,arts-and-crafts,France,"Museum of Modern Art (MoMA), New York City, NY, US",,
georges-seurat/georges-seurat__the-forest-at-pontaubert.jpg,georges-seurat,Georges Seurat,The Forest at Pontaubert,1881,https://www.wikiart.org/en/georges-seurat/the-forest-at-pontaubert,the-forest-at-pontaubert,https://uploads1.wikiart.org/images/georges-seurat/the-forest-at-pontaubert.jpg!Large.jpg,474,600,Pointillism|Neo-Impressionism,oil|canvas,landscape,France|forests-and-trees|Pontaubert|Tree|Natural environment|Trunk|Forest|Brown|Woodland|Plant,France,"Metropolitan Museum of Art (Met), New York City, NY, US",,
georges-seurat/georges-seurat__the-seller-of-oranges-1881.jpg,georges-seurat,Georges Seurat,The seller of oranges,1881,https://www.wikiart.org/en/georges-seurat/the-seller-of-oranges-1881,the-seller-of-oranges-1881,https://uploads2.wikiart.org/images/georges-seurat/the-seller-of-oranges-1881.jpg,341,512,Post-Impressionism,crayon|paper,genre painting,arts-and-crafts|male-portraits,France,,,
georges-seurat/georges-seurat__woman-standing-1881.jpg,georges-seurat,Georges Seurat,Woman standing,1881,https://www.wikiart.org/en/georges-seurat/woman-standing-1881,woman-standing-1881,https://uploads4.wikiart.org/images/georges-seurat/woman-standing-1881.jpg,361,512,Post-Impressionism,crayon|paper,sketch and study,female-portraits|Sketch|Line,France,"Musée Picasso, Paris, France",,
georges-seurat/georges-seurat__gardener-1882.jpg,georges-seurat,Georges Seurat,Gardener,1882,https://www.wikiart.org/en/georges-seurat/gardener-1882,gardener-1882,https://uploads8.wikiart.org/images/georges-seurat/gardener-1882.jpg!Large.jpg,750,464,Post-Impressionism,oil|wood,genre painting,arts-and-crafts|gardens-and-parks,France,"Kunsthaus Zürich, Zürich, Switzerland",,
georges-seurat/georges-seurat__landscape-in-the-ile-de-france-1882.jpg,georges-seurat,Georges Seurat,Landscape in the Ile-de-France,1882,https://www.wikiart.org/en/georges-seurat/landscape-in-the-ile-de-france-1882,landscape-in-the-ile-de-france-1882,https://uploads3.wikiart.org/images/georges-seurat/landscape-in-the-ile-de-france-1882.jpg!Large.jpg,750,593,Post-Impressionism,oil|canvas,landscape,countryside|cottages-and-farmhouses|France|Ile-de-France|House,France,"Musée des Beaux-Arts de Bordeaux, Bordeaux, France",,
georges-seurat/georges-seurat__on-the-road-1882.jpg,georges-seurat,Georges Seurat,On the road,1882,https://www.wikiart.org/en/georges-seurat/on-the-road-1882,on-the-road-1882,https://uploads2.wikiart.org/images/georges-seurat/on-the-road-1882.jpg!Large.jpg,750,500,Post-Impressionism,crayon|paper,landscape,roads-and-vehicles|countryside|cottages-and-farmhouses|Picture frame,France,,,
georges-seurat/georges-seurat__peasant-with-hoe-1882.jpg,georges-seurat,Georges Seurat,Peasant with Hoe,1882,https://www.wikiart.org/en/georges-seurat/peasant-with-hoe-1882,peasant-with-hoe-1882,https://uploads7.wikiart.org/images/georges-seurat/peasant-with-hoe-1882.jpg!Large.jpg,734,600,Neo-Impressionism,oil|canvas,genre painting,arts-and-crafts|fields-and-plains|Tree,France,"Solomon R. Guggenheim Museum, New York City, NY, US",,
georges-seurat/georges-seurat__peasants-driving-stakes-1882.jpg,georges-seurat,Georges Seurat,Peasants Driving Stakes,1882,https://www.wikiart.org/en/georges-seurat/peasants-driving-stakes-1882,peasants-driving-stakes-1882,https://uploads5.wikiart.org/images/georges-seurat/peasants-driving-stakes-1882.jpg!Large.jpg,750,459,Impressionism,oil|canvas,genre painting,roads-and-vehicles|countryside,France,Private Collection,,
georges-seurat/georges-seurat__suburb-1882.jpg,georges-seurat,Georges Seurat,Suburb,1882,https://www.wikiart.org/en/georges-seurat/suburb-1882,suburb-1882,https://uploads6.wikiart.org/images/georges-seurat/suburb-1882.jpg!Large.jpg,750,585,Pointillism|Neo-Impressionism,oil|canvas,cityscape,streets-and-squares|houses-and-buildings|Brick|Sky,France,"Musee d'Art Moderne de Troyes, Troyes, France",,
georges-seurat/georges-seurat__the-black-bow.jpg,georges-seurat,Georges Seurat,The black bow,1882,https://www.wikiart.org/en/georges-seurat/the-black-bow,the-black-bow,https://uploads7.wikiart.org/images/georges-seurat/the-black-bow.jpg,341,512,Pointillism|Neo-Impressionism,crayon|paper,genre painting,female-portraits,France,"Musée d'Orsay, Paris, France",,
georges-seurat/georges-seurat__the-hedge-also-known-as-the-clearing-1882.jpg,georges-seurat,Georges Seurat,The Hedge (also known as The Clearing),1882,https://www.wikiart.org/en/georges-seurat/the-hedge-also-known-as-the-clearing-1882,the-hedge-also-known-as-the-clearing-1882,https://uploads0.wikiart.org/images/georges-seurat/the-hedge-also-known-as-the-clearing-1882.jpg!Large.jpg,735,600,Impressionism,oil|canvas,landscape,roads-and-vehicles|forests-and-trees|Tree,France,Private Collection,,
georges-seurat/georges-seurat__the-hollow-way-1882.jpg,georges-seurat,Georges Seurat,The Hollow Way,1882,https://www.wikiart.org/en/georges-seurat/the-hollow-way-1882,the-hollow-way-1882,https://uploads5.wikiart.org/images/georges-seurat/the-hollow-way-1882.jpg!Large.jpg,750,598,Impressionism,oil|canvas,landscape,roads-and-vehicles|forests-and-trees,France,Private Collection,,
georges-seurat/georges-seurat__the-mower-1882-1.jpg,georges-seurat,Georges Seurat,The Mower,1882,https://www.wikiart.org/en/georges-seurat/the-mower-1882-1,the-mower-1882-1,https://uploads2.wikiart.org/images/georges-seurat/the-mower-1882-1.jpg!Large.jpg,750,470,Post-Impressionism,oil|wood,genre painting,arts-and-crafts|fields-and-plains|Water|Grass family,France,,,
georges-seurat/georges-seurat__the-stone-breaker-1882.jpg,georges-seurat,Georges Seurat,The Stone Breaker,1882,https://www.wikiart.org/en/georges-seurat/the-stone-breaker-1882,the-stone-breaker-1882,https://uploads8.wikiart.org/images/georges-seurat/the-stone-breaker-1882.jpg!Large.jpg,738,600,Post-Impressionism,oil|canvas,genre painting,arts-and-crafts|male-portraits,France,Private Collection,,
georges-seurat/georges-seurat__the-stone-breaker-1882-1.jpg,georges-seurat,Georges Seurat,The Stone Breaker,1882,https://www.wikiart.org/en/georges-seurat/the-stone-breaker-1882-1,the-stone-breaker-1882-1,https://uploads1.wikiart.org/images/georges-seurat/the-stone-breaker-1882-1.jpg!Large.jpg,750,479,Post-Impressionism,oil|wood,genre painting,arts-and-crafts|male-portraits,France,unknown,,
georges-seurat/georges-seurat__white-houses-ville-d-avray-1882.jpg,georges-seurat,Georges Seurat,"White Houses, Ville d'Avray",1882,https://www.wikiart.org/en/georges-seurat/white-houses-ville-d-avray-1882,white-houses-ville-d-avray-1882,https://uploads8.wikiart.org/images/georges-seurat/white-houses-ville-d-avray-1882.jpg!Large.jpg,750,540,Pointillism|Neo-Impressionism,oil|canvas,landscape,countryside|cottages-and-farmhouses|France|fields-and-plains|Ville-d'Avray|Rural area,France,"Walker Art Gallery, Liverpool, UK",,
georges-seurat/georges-seurat__young-peasant-in-blue-1882.jpg,georges-seurat,Georges Seurat,Young Peasant in Blue,1882,https://www.wikiart.org/en/georges-seurat/young-peasant-in-blue-1882,young-peasant-in-blue-1882,https://uploads2.wikiart.org/images/georges-seurat/young-peasant-in-blue-1882.jpg,431,512,Post-Impressionism,oil|canvas,portrait,male-portraits|Chin|Cheek,France,"Musée d'Orsay, Paris, France",,
georges-seurat/georges-seurat__a-house-between-trees-1883.jpg,georges-seurat,Georges Seurat,A house between trees,1883,https://www.wikiart.org/en/georges-seurat/a-house-between-trees-1883,a-house-between-trees-1883,https://uploads3.wikiart.org/images/georges-seurat/a-house-between-trees-1883.jpg!Large.jpg,750,464,Impressionism,oil|wood,landscape,countryside|cottages-and-farmhouses|fields-and-plains|forests-and-trees|Tree,France,"Kelvingrove Art Gallery and Museum, Glasgow, UK",,
georges-seurat/georges-seurat__a-river-bank-the-seine-at-asnieres-1883.jpg,georges-seurat,Georges Seurat,A River Bank (The Seine at Asnieres),1883,https://www.wikiart.org/en/georges-seurat/a-river-bank-the-seine-at-asnieres-1883,a-river-bank-the-seine-at-asnieres-1883,https://uploads7.wikiart.org/images/georges-seurat/a-river-bank-the-seine-at-asnieres-1883.jpg!Large.jpg,750,476,Impressionism,oil|wood,landscape,rivers-and-waterfalls|forests-and-trees|Tree,France,"National Gallery, London, UK",,
georges-seurat/georges-seurat__alley-in-the-forest-barbizon-1883.jpg,georges-seurat,Georges Seurat,"Alley in the forest, Barbizon",1883,https://www.wikiart.org/en/georges-seurat/alley-in-the-forest-barbizon-1883,alley-in-the-forest-barbizon-1883,https://uploads1.wikiart.org/images/georges-seurat/alley-in-the-forest-barbizon-1883.jpg!Large.jpg,750,483,Impressionism,oil|wood,landscape,gardens-and-parks|France|Barbizon|forests-and-trees|Tree|Leaf|Picture frame,France,"Musée d'Orsay, Paris, France",,
georges-seurat/georges-seurat__boats-near-the-beach-at-asnieres-1883.jpg,georges-seurat,Georges Seurat,Boats near the Beach at Asnieres,1883,https://www.wikiart.org/en/georges-seurat/boats-near-the-beach-at-asnieres-1883,boats-near-the-beach-at-asnieres-1883,https://uploads5.wikiart.org/images/georges-seurat/boats-near-the-beach-at-asnieres-1883.jpg!Large.jpg,750,458,Impressionism,oil|wood,landscape,rivers-and-waterfalls|Tree|Reflection|Leaf,France,Private Collection,,
georges-seurat/georges-seurat__boy-with-horse-1883.jpg,georges-seurat,Georges Seurat,Boy with horse,1883,https://www.wikiart.org/en/georges-seurat/boy-with-horse-1883,boy-with-horse-1883,https://uploads5.wikiart.org/images/georges-seurat/boy-with-horse-1883.jpg!Large.jpg,750,478,Post-Impressionism,oil|wood,genre painting,animals|horses,France,"Scottish National Gallery, Edinburgh, UK",,
georges-seurat/georges-seurat__clothes-on-the-grass-1883.jpg,georges-seurat,Georges Seurat,Clothes on the Grass,1883,https://www.wikiart.org/en/georges-seurat/clothes-on-the-grass-1883,clothes-on-the-grass-1883,https://uploads2.wikiart.org/images/georges-seurat/clothes-on-the-grass-1883.jpg!Large.jpg,750,480,Impressionism,oil|wood,landscape,rivers-and-waterfalls|Bank|Water|Natural landscape|Watercourse|River|Waterway|Tree,France,"Tate Modern, London, UK",,
georges-seurat/georges-seurat__edge-of-wood-springtime-1883.jpg,georges-seurat,Georges Seurat,"Edge of Wood, Springtime",1883,https://www.wikiart.org/en/georges-seurat/edge-of-wood-springtime-1883,edge-of-wood-springtime-1883,https://uploads4.wikiart.org/images/georges-seurat/edge-of-wood-springtime-1883.jpg,641,389,Pointillism|Neo-Impressionism,oil|wood,landscape,spring|forests-and-trees|Tree|Plant,France,"Musée d'Orsay, Paris, France",,
georges-seurat/georges-seurat__farm-women-at-work-1883.jpg,georges-seurat,Georges Seurat,Farm Women at Work,1883,https://www.wikiart.org/en/georges-seurat/farm-women-at-work-1883,farm-women-at-work-1883,https://uploads0.wikiart.org/images/georges-seurat/farm-women-at-work-1883.jpg!Large.jpg,715,600,Pointillism|Neo-Impressionism,oil|canvas,genre painting,arts-and-crafts|countryside|fields-and-plains,France,"Solomon R. Guggenheim Museum, New York City, NY, US",,
georges-seurat/georges-seurat__farmer-to-work-1883.jpg,georges-seurat,Georges Seurat,Farmer to work,1883,https://www.wikiart.org/en/georges-seurat/farmer-to-work-1883,farmer-to-work-1883,https://uploads5.wikiart.org/images/georges-seurat/farmer-to-work-1883.jpg!Large.jpg,750,494,Impressionism,oil|wood,genre painting,arts-and-crafts|countryside|Organism,France,Private Collection,,
georges-seurat/georges-seurat__forest-of-barbizon-1883.jpg,georges-seurat,Georges Seurat,Forest of Barbizon,1883,https://www.wikiart.org/en/georges-seurat/forest-of-barbizon-1883,forest-of-barbizon-1883,https://uploads8.wikiart.org/images/georges-seurat/forest-of-barbizon-1883.jpg,587,363,Impressionism,oil|wood,landscape,fields-and-plains|forests-and-trees|Tree|Plant,France,Private Collection,,
georges-seurat/georges-seurat__horses-in-the-water-1883.jpg,georges-seurat,Georges Seurat,Horses in the Water,1883,https://www.wikiart.org/en/georges-seurat/horses-in-the-water-1883,horses-in-the-water-1883,https://uploads1.wikiart.org/images/georges-seurat/horses-in-the-water-1883.jpg!Large.jpg,750,474,Impressionism|Neo-Impressionism,canvas|tempera,landscape,games-and-sport|rivers-and-waterfalls|Canidae|Dog,France,Private Collection,,
georges-seurat/georges-seurat__house-with-red-roof-1883.jpg,georges-seurat,Georges Seurat,House with Red Roof,1883,https://www.wikiart.org/en/georges-seurat/house-with-red-roof-1883,house-with-red-roof-1883,https://uploads1.wikiart.org/images/georges-seurat/house-with-red-roof-1883.jpg!Large.jpg,750,481,Impressionism,oil|wood,landscape,countryside|cottages-and-farmhouses|fields-and-plains,France,Private Collection,,
georges-seurat/georges-seurat__large-figure-in-a-landscape-1883.jpg,georges-seurat,Georges Seurat,Large Figure in a Landscape,1883,https://www.wikiart.org/en/georges-seurat/large-figure-in-a-landscape-1883,large-figure-in-a-landscape-1883,https://uploads0.wikiart.org/images/georges-seurat/large-figure-in-a-landscape-1883.jpg!Large.jpg,750,452,Post-Impressionism|Neo-Impressionism,oil|wood,genre painting,male-portraits|roads-and-vehicles|countryside|Grass,France,Private Collection,,
georges-seurat/georges-seurat__man-painting-his-boat-1883.jpg,georges-seurat,Georges Seurat,Man Painting his Boat,1883,https://www.wikiart.org/en/georges-seurat/man-painting-his-boat-1883,man-painting-his-boat-1883,https://uploads3.wikiart.org/images/georges-seurat/man-painting-his-boat-1883.jpg!Large.jpg,750,490,Post-Impressionism,oil|wood,genre painting,arts-and-crafts|boats-and-ships,France,"Courtauld Institute of Art, London, UK",,
georges-seurat/georges-seurat__men-laying-stakes-1883.jpg,georges-seurat,Georges Seurat,Men Laying Stakes,1883,https://www.wikiart.org/en/georges-seurat/men-laying-stakes-1883,men-laying-stakes-1883,https://uploads8.wikiart.org/images/georges-seurat/men-laying-stakes-1883.jpg!Large.jpg,750,474,Post-Impressionism,oil|wood,genre painting,arts-and-crafts|forests-and-trees|Reflection|Water,France,Private Collection,,
georges-seurat/georges-seurat__peasant-boy-sitting-in-a-meadow-1883.jpg,georges-seurat,Georges Seurat,Peasant boy sitting in a meadow,1883,https://www.wikiart.org/en/georges-seurat/peasant-boy-sitting-in-a-meadow-1883,peasant-boy-sitting-in-a-meadow-1883,https://uploads4.wikiart.org/images/georges-seurat/peasant-boy-sitting-in-a-meadow-1883.jpg!Large.jpg,745,600,Post-Impressionism,oil|canvas,genre painting,male-portraits|leisure-and-sleep,France,"Kelvingrove Art Gallery and Museum, Glasgow, UK",,
georges-seurat/georges-seurat__peasant-woman-seated-in-the-grass-1883.jpg,georges-seurat,Georges Seurat,Peasant Woman Seated in the Grass,1883,https://www.wikiart.org/en/georges-seurat/peasant-woman-seated-in-the-grass-1883,peasant-woman-seated-in-the-grass-1883,https://uploads6.wikiart.org/images/georges-seurat/peasant-woman-seated-in-the-grass-1883.jpg!Large.jpg,727,600,Post-Impressionism,oil|canvas,genre painting,female-portraits,France,"Solomon R. Guggenheim Museum, New York City, NY, US",,
georges-seurat/georges-seurat__ploughing.jpg,georges-seurat,Georges Seurat,Ploughing,1883,https://www.wikiart.org/en/georges-seurat/ploughing,ploughing,https://uploads4.wikiart.org/images/georges-seurat/ploughing.jpg!Large.jpg,750,500,Post-Impressionism,crayon|paper,genre painting,animals|arts-and-crafts|countryside|couples|horses|Photograph|Picture frame,France,,,
georges-seurat/georges-seurat__portrait-of-edmond-françois-aman-jean-1883.jpg,georges-seurat,Georges Seurat,Portrait of Edmond-François Aman-Jean,1883,https://www.wikiart.org/en/georges-seurat/portrait-of-edmond-françois-aman-jean-1883,portrait-of-edmond-françois-aman-jean-1883,https://uploads0.wikiart.org/images/georges-seurat/portrait-of-edmond-françois-aman-jean-1883.jpg,418,547,Pointillism|Neo-Impressionism,crayon|paper,portrait,male-portraits|famous-people|reading-and-writing|Edmond-Aman-Jean|Gentleman|Male|Human,France,"Metropolitan Museum of Art (Met), New York City, NY, US",,
georges-seurat/georges-seurat__rainbow-1883.jpg,georges-seurat,Georges Seurat,Rainbow,1883,https://www.wikiart.org/en/georges-seurat/rainbow-1883,rainbow-1883,https://uploads7.wikiart.org/images/georges-seurat/rainbow-1883.jpg!Large.jpg,750,480,Impressionism,oil|wood,genre painting,games-and-sport|rivers-and-waterfalls,France,"National Gallery, London, UK",,
georges-seurat/georges-seurat__seated-bather-1883.jpg,georges-seurat,Georges Seurat,Seated Bather,1883,https://www.wikiart.org/en/georges-seurat/seated-bather-1883,seated-bather-1883,https://uploads4.wikiart.org/images/georges-seurat/seated-bather-1883.jpg!Large.jpg,750,472,Pointillism|Neo-Impressionism,oil|wood,genre painting,male-portraits|Water|Reflection,France,,,
georges-seurat/georges-seurat__seated-man-study-for-bathers-at-asnieres-1883.jpg,georges-seurat,Georges Seurat,"Seated Man. Study for ""Bathers at Asnieres""",1883,https://www.wikiart.org/en/georges-seurat/seated-man-study-for-bathers-at-asnieres-1883,seated-man-study-for-bathers-at-asnieres-1883,https://uploads4.wikiart.org/images/georges-seurat/seated-man-study-for-bathers-at-asnieres-1883.jpg!Large.jpg,750,467,Post-Impressionism,oil|wood,genre painting,,France,,,
georges-seurat/georges-seurat__snow-effect-winter-in-the-suburbs-1883.jpg,georges-seurat,Georges Seurat,Snow Effect: Winter in the Suburbs,1883,https://www.wikiart.org/en/georges-seurat/snow-effect-winter-in-the-suburbs-1883,snow-effect-winter-in-the-suburbs-1883,https://uploads6.wikiart.org/images/georges-seurat/snow-effect-winter-in-the-suburbs-1883.jpg!Large.jpg,750,479,Post-Impressionism,oil|wood,cityscape,winter|streets-and-squares,France,Private Collection,,
georges-seurat/georges-seurat__stone-breaker-and-wheelbarrow-le-raincy-1883.jpg,georges-seurat,Georges Seurat,"Stone Breaker and Wheelbarrow, Le Raincy",1883,https://www.wikiart.org/en/georges-seurat/stone-breaker-and-wheelbarrow-le-raincy-1883,stone-breaker-and-wheelbarrow-le-raincy-1883,https://uploads3.wikiart.org/images/georges-seurat/stone-breaker-and-wheelbarrow-le-raincy-1883.jpg!Large.jpg,750,498,Post-Impressionism,oil|wood,genre painting,arts-and-crafts|male-portraits,France,"Philips Collection, Washington, DC, US",,
georges-seurat/georges-seurat__study-for-bathers-at-asnieres-1883.jpg,georges-seurat,Georges Seurat,"Study for ""Bathers at Asnieres""",1883,https://www.wikiart.org/en/georges-seurat/study-for-bathers-at-asnieres-1883,study-for-bathers-at-asnieres-1883,https://uploads1.wikiart.org/images/georges-seurat/study-for-bathers-at-asnieres-1883.jpg,640,407,Impressionism,oil|wood,genre painting,games-and-sport|France|Asnieres|Water,France,"Musée d'Orsay, Paris, France",,
georges-seurat/georges-seurat__the-artist-s-mother-1883.jpg,georges-seurat,Georges Seurat,The Artist's Mother,1883,https://www.wikiart.org/en/georges-seurat/the-artist-s-mother-1883,the-artist-s-mother-1883,https://uploads1.wikiart.org/images/georges-seurat/the-artist-s-mother-1883.jpg!Large.jpg,465,600,Pointillism|Neo-Impressionism,crayon|paper,portrait,female-portraits|monochrome|Darkness,France,,,
georges-seurat/georges-seurat__the-black-horse-1883.jpg,georges-seurat,Georges Seurat,The Black Horse,1883,https://www.wikiart.org/en/georges-seurat/the-black-horse-1883,the-black-horse-1883,https://uploads6.wikiart.org/images/georges-seurat/the-black-horse-1883.jpg!Large.jpg,750,462,Post-Impressionism,oil|wood,genre painting,animals|male-portraits|horses|People in nature,France,"Scottish National Gallery, Edinburgh, UK",,
georges-seurat/georges-seurat__the-bridge-view-of-the-seine-1883.jpg,georges-seurat,Georges Seurat,The Bridge - View of the Seine,1883,https://www.wikiart.org/en/georges-seurat/the-bridge-view-of-the-seine-1883,the-bridge-view-of-the-seine-1883,https://uploads1.wikiart.org/images/georges-seurat/the-bridge-view-of-the-seine-1883.jpg!Large.jpg,750,482,Impressionism,oil|wood,genre painting,games-and-sport|boats-and-ships|France|Seine|Water|Waterway|Bank,France,,,
georges-seurat/georges-seurat__the-riverbanks-1883.jpg,georges-seurat,Georges Seurat,The Riverbanks,1883,https://www.wikiart.org/en/georges-seurat/the-riverbanks-1883,the-riverbanks-1883,https://uploads5.wikiart.org/images/georges-seurat/the-riverbanks-1883.jpg!Large.jpg,750,470,Impressionism,oil|wood,landscape,autumn|Bank|Water,France,"Kelvingrove Art Gallery and Museum, Glasgow, UK",,
georges-seurat/georges-seurat__the-riverside-1883.jpg,georges-seurat,Georges Seurat,The Riverside,1883,https://www.wikiart.org/en/georges-seurat/the-riverside-1883,the-riverside-1883,https://uploads4.wikiart.org/images/georges-seurat/the-riverside-1883.jpg!Large.jpg,750,480,Impressionism,oil|wood,landscape,countryside|cottages-and-farmhouses|Water|Tree,France,Private Collection,,
georges-seurat/georges-seurat__the-stone-breakers-1883.jpg,georges-seurat,Georges Seurat,The Stone Breakers,1883,https://www.wikiart.org/en/georges-seurat/the-stone-breakers-1883,the-stone-breakers-1883,https://uploads0.wikiart.org/images/georges-seurat/the-stone-breakers-1883.jpg!Large.jpg,750,456,Post-Impressionism,oil|wood,genre painting,arts-and-crafts|male-portraits,France,Private Collection,,
georges-seurat/georges-seurat__the-watering-can-1883.jpg,georges-seurat,Georges Seurat,The Watering Can,1883,https://www.wikiart.org/en/georges-seurat/the-watering-can-1883,the-watering-can-1883,https://uploads7.wikiart.org/images/georges-seurat/the-watering-can-1883.jpg!Large.jpg,364,600,Pointillism|Neo-Impressionism,oil|wood,landscape,gardens-and-parks|dishware-and-cutlery|Tree,France,,,
georges-seurat/georges-seurat__trees-winter-1883.jpg,georges-seurat,Georges Seurat,"Trees, winter",1883,https://www.wikiart.org/en/georges-seurat/trees-winter-1883,trees-winter-1883,https://uploads3.wikiart.org/images/georges-seurat/trees-winter-1883.jpg!Large.jpg,750,469,Post-Impressionism,oil|wood,landscape,forests-and-trees|Tree|Woody plant,France,"Musée d'Orsay, Paris, France",,
georges-seurat/georges-seurat__two-horse-hitch-1883.jpg,georges-seurat,Georges Seurat,Two-horse hitch,1883,https://www.wikiart.org/en/georges-seurat/two-horse-hitch-1883,two-horse-hitch-1883,https://uploads5.wikiart.org/images/georges-seurat/two-horse-hitch-1883.jpg,640,497,Post-Impressionism,crayon|paper,genre painting,animals|roads-and-vehicles|horses|Canidae|Dog,France,"Musée de la Faïence et des Beaux-Arts, Nevers, France",,
georges-seurat/georges-seurat__village-road-1883.jpg,georges-seurat,Georges Seurat,Village Road,1883,https://www.wikiart.org/en/georges-seurat/village-road-1883,village-road-1883,https://uploads3.wikiart.org/images/georges-seurat/village-road-1883.jpg!Large.jpg,750,467,Post-Impressionism,oil|canvas,landscape,countryside|cottages-and-farmhouses|Rural area,France,"Musée d'Orsay, Paris, France",,
georges-seurat/georges-seurat__voilette-1883.jpg,georges-seurat,Georges Seurat,Voilette,1883,https://www.wikiart.org/en/georges-seurat/voilette-1883,voilette-1883,https://uploads7.wikiart.org/images/georges-seurat/voilette-1883.jpg,341,512,Post-Impressionism|Neo-Impressionism,crayon|paper,portrait,female-portraits,France,"Musée d'Orsay, Paris, France",,
georges-seurat/georges-seurat__artist-at-work-1884.jpg,georges-seurat,Georges Seurat,Artist at work,1884,https://www.wikiart.org/en/georges-seurat/artist-at-work-1884,artist-at-work-1884,https://uploads5.wikiart.org/images/georges-seurat/artist-at-work-1884.jpg!Large.jpg,452,600,Post-Impressionism,crayon|paper,genre painting,arts-and-crafts|male-portraits|Standing|monochrome|Shadow|Tree,France,"Philadelphia Museum of Art, Philadelphia, PA, US",,
georges-seurat/georges-seurat__cadet-from-saint-cyr-1884.jpg,georges-seurat,Georges Seurat,Cadet From Saint-Cyr,1884,https://www.wikiart.org/en/georges-seurat/cadet-from-saint-cyr-1884,cadet-from-saint-cyr-1884,https://uploads2.wikiart.org/images/georges-seurat/cadet-from-saint-cyr-1884.jpg!Large.jpg,750,459,Pointillism|Neo-Impressionism,oil|wood,landscape,rivers-and-waterfalls|gardens-and-parks|Tree|Natural landscape|Natural environment|Grass|Grassland|Plant,France,Private Collection,,
georges-seurat/georges-seurat__corner-of-a-house-1884.jpg,georges-seurat,Georges Seurat,Corner of a House,1884,https://www.wikiart.org/en/georges-seurat/corner-of-a-house-1884,corner-of-a-house-1884,https://uploads8.wikiart.org/images/georges-seurat/corner-of-a-house-1884.jpg!Large.jpg,371,600,Impressionism,oil|canvas,landscape,houses-and-buildings|Tree,France,Private Collection,,
georges-seurat/georges-seurat__courbevoie-landscape-with-turret-1884.jpg,georges-seurat,Georges Seurat,"Courbevoie, Landscape With Turret",1884,https://www.wikiart.org/en/georges-seurat/courbevoie-landscape-with-turret-1884,courbevoie-landscape-with-turret-1884,https://uploads5.wikiart.org/images/georges-seurat/courbevoie-landscape-with-turret-1884.jpg!Large.jpg,750,481,Pointillism|Neo-Impressionism,oil|wood,landscape,gates-and-towers|rivers-and-waterfalls,France,Private Collection,,
georges-seurat/georges-seurat__final-study-for-bathing-at-asnieres-1884.jpg,georges-seurat,Georges Seurat,Final Study for Bathing at Asnieres,1884,https://www.wikiart.org/en/georges-seurat/final-study-for-bathing-at-asnieres-1884,final-study-for-bathing-at-asnieres-1884,https://uploads8.wikiart.org/images/georges-seurat/final-study-for-bathing-at-asnieres-1884.jpg!Large.jpg,750,464,Post-Impressionism,oil|wood,genre painting,games-and-sport|rivers-and-waterfalls|France|Asnieres|Bathing,France,"Art Institute of Chicago, Chicago, IL, US",,
georges-seurat/georges-seurat__horse-cart-1884.jpg,georges-seurat,Georges Seurat,Horse and cart,1884,https://www.wikiart.org/en/georges-seurat/horse-cart-1884,horse-cart-1884,https://uploads1.wikiart.org/images/georges-seurat/horse-cart-1884.jpg!Large.jpg,750,596,Pointillism|Neo-Impressionism,oil|canvas,landscape,animals|countryside|horses|Horse|Pasture|Mare,France,"Solomon R. Guggenheim Museum, New York City, NY, US",,
georges-seurat/georges-seurat__la-grande-jatte-1884.jpg,georges-seurat,Georges Seurat,La Grande Jatte,1884,https://www.wikiart.org/en/georges-seurat/la-grande-jatte-1884,la-grande-jatte-1884,https://uploads6.wikiart.org/images/georges-seurat/la-grande-jatte-1884.jpg!Large.jpg,741,600,Pointillism|Neo-Impressionism,oil|canvas,landscape,rivers-and-waterfalls|gardens-and-parks|France|Grande-Jatte|Tree,France,Private Collection,,
georges-seurat/georges-seurat__river-landscape-with-a-boat-1884.jpg,georges-seurat,Georges Seurat,River Landscape with a boat,1884,https://www.wikiart.org/en/georges-seurat/river-landscape-with-a-boat-1884,river-landscape-with-a-boat-1884,https://uploads0.wikiart.org/images/georges-seurat/river-landscape-with-a-boat-1884.jpg!Large.jpg,750,500,Pointillism|Neo-Impressionism,oil|canvas,landscape,rivers-and-waterfalls|boats-and-ships|cottages-and-farmhouses|forests-and-trees|Water|Waterway|Tree|River,France,Private Collection,,
georges-seurat/georges-seurat__riverman-1884.jpg,georges-seurat,Georges Seurat,Riverman,1884,https://www.wikiart.org/en/georges-seurat/riverman-1884,riverman-1884,https://uploads8.wikiart.org/images/georges-seurat/riverman-1884.jpg!Large.jpg,750,472,Impressionism,oil|wood,genre painting,male-portraits|boats-and-ships|Tree,France,"Yale University Art Gallery (Yale University), New Haven, CT, US",,
georges-seurat/georges-seurat__river-s-edge-1884.jpg,georges-seurat,Georges Seurat,River's Edge,1884,https://www.wikiart.org/en/georges-seurat/river-s-edge-1884,river-s-edge-1884,https://uploads3.wikiart.org/images/georges-seurat/river-s-edge-1884.jpg!Large.jpg,750,474,Impressionism,canvas|tempera,landscape,houses-and-buildings|rivers-and-waterfalls|Tree,France,"Hyde Collection Art Museum, Glens Falls, NY, US",,
georges-seurat/georges-seurat__rue-st-vincent-in-spring-1884.jpg,georges-seurat,Georges Seurat,Rue St. Vincent in Spring,1884,https://www.wikiart.org/en/georges-seurat/rue-st-vincent-in-spring-1884,rue-st-vincent-in-spring-1884,https://uploads6.wikiart.org/images/georges-seurat/rue-st-vincent-in-spring-1884.jpg!Large.jpg,374,600,Post-Impressionism,oil|wood,landscape,streets-and-squares|Paris|France|forests-and-trees|Tree|Leaf|Brown|Woodland|autumn,France,"Fitzwilliam Museum (University of Cambridge), Cambridge, UK",,
georges-seurat/georges-seurat__sailboat-1884.jpg,georges-seurat,Georges Seurat,Sailboat,1884,https://www.wikiart.org/en/georges-seurat/sailboat-1884,sailboat-1884,https://uploads8.wikiart.org/images/georges-seurat/sailboat-1884.jpg!Large.jpg,750,469,Pointillism|Neo-Impressionism,oil|wood,landscape,rivers-and-waterfalls|gardens-and-parks|Tree|Water|Plant|Leaf,France,,,
georges-seurat/georges-seurat__seated-and-standing-woman-1884.jpg,georges-seurat,Georges Seurat,Seated and Standing Woman,1884,https://www.wikiart.org/en/georges-seurat/seated-and-standing-woman-1884,seated-and-standing-woman-1884,https://uploads7.wikiart.org/images/georges-seurat/seated-and-standing-woman-1884.jpg!Large.jpg,750,471,Pointillism|Neo-Impressionism,oil|wood,genre painting,rivers-and-waterfalls|boats-and-ships|gardens-and-parks|People in nature|Water|Tree|Reflection|Bank,France,"Albright-Knox Art Gallery, Buffalo, NY, US",,
georges-seurat/georges-seurat__seated-figures-1884.jpg,georges-seurat,Georges Seurat,Seated figures,1884,https://www.wikiart.org/en/georges-seurat/seated-figures-1884,seated-figures-1884,https://uploads5.wikiart.org/images/georges-seurat/seated-figures-1884.jpg!Large.jpg,750,478,Pointillism|Neo-Impressionism,oil|wood,genre painting,rivers-and-waterfalls|gardens-and-parks|Tree,France,"Harvard Art Museums, Cambridge, MA, US",,
georges-seurat/georges-seurat__sketch-with-many-figures-for-sunday-afternoon-on-grande-jatte-1884.jpg,georges-seurat,Georges Seurat,Study for A Sunday on La Grande Jatte,1884,https://www.wikiart.org/en/georges-seurat/sketch-with-many-figures-for-sunday-afternoon-on-grande-jatte-1884,sketch-with-many-figures-for-sunday-afternoon-on-grande-jatte-1884,https://uploads1.wikiart.org/images/georges-seurat/sketch-with-many-figures-for-sunday-afternoon-on-grande-jatte-1884(1).jpg!Large.jpg,750,508,Pointillism|Neo-Impressionism,oil|canvas,genre painting,animals|rivers-and-waterfalls|gardens-and-parks|Textile,France,"Metropolitan Museum of Art (Met), New York City, NY, US",,"Seurat's famous painting A Sunday Afternoon on the Island of La Grande Jatte (Art Institute of Chicago) debuted at the 1886 Impressionist exhibition in Paris. He had begun the work two years earlier, completing more than fifty studies, including this one. Upon Pissarro's advice, Seurat painted the final canvas with pigments that proved unstable and soon lost their luster. Thus the present study provides a vital record of the chromatic intensity he had hoped to achieve."
georges-seurat/georges-seurat__study-for-un-dimanche-apres-midi-a-lile-de-la-grande-jatte-1884.jpg,georges-seurat,Georges Seurat,"Study for ""Un dimanche après midi à l'île de la Grande Jatte""",1884,https://www.wikiart.org/en/georges-seurat/study-for-un-dimanche-apres-midi-a-lile-de-la-grande-jatte-1884,study-for-un-dimanche-apres-midi-a-lile-de-la-grande-jatte-1884,https://uploads5.wikiart.org/images/georges-seurat/study-for-un-dimanche-après-midi-à-l-île-de-la-grande-jatte-1884.jpg!Large.jpg,750,469,Post-Impressionism|Neo-Impressionism,oil|wood,genre painting,families|children|couples|rivers-and-waterfalls|gardens-and-parks|France|Grande-Jatte|Water|Tree|Reflection|Bank,France,"Musée d'Orsay, Paris, France",,
georges-seurat/georges-seurat__study-for-a-sunday-afternoon-on-the-island-of-la-grande-jatte-1884.jpg,georges-seurat,Georges Seurat,Study for 'A Sunday Afternoon on the Island of La Grande Jatte',1884,https://www.wikiart.org/en/georges-seurat/study-for-a-sunday-afternoon-on-the-island-of-la-grande-jatte-1884,study-for-a-sunday-afternoon-on-the-island-of-la-grande-jatte-1884,https://uploads7.wikiart.org/images/georges-seurat/study-for-a-sunday-afternoon-on-the-island-of-la-grande-jatte-1884.jpg!Large.jpg,750,472,Pointillism|Neo-Impressionism,oil|canvas,genre painting,families|children|couples|rivers-and-waterfalls|gardens-and-parks|France|Grande-Jatte|Water|Tree,France,"Musée d'Orsay, Paris, France",,
georges-seurat/georges-seurat__study-on-the-island-1884.jpg,georges-seurat,Georges Seurat,Study on the Island,1884,https://www.wikiart.org/en/georges-seurat/study-on-the-island-1884,study-on-the-island-1884,https://uploads1.wikiart.org/images/georges-seurat/study-on-the-island-1884.jpg!Large.jpg,750,468,Post-Impressionism,oil|wood,cityscape,houses-and-buildings|rivers-and-waterfalls|Bank,France,"Hyde Collection Art Museum, Glens Falls, NY, US",,
georges-seurat/georges-seurat__the-bank-of-the-seine-1884.jpg,georges-seurat,Georges Seurat,The Bank of the Seine,1884,https://www.wikiart.org/en/georges-seurat/the-bank-of-the-seine-1884,the-bank-of-the-seine-1884,https://uploads3.wikiart.org/images/georges-seurat/the-bank-of-the-seine-1884.jpg!Large.jpg,750,494,Impressionism,oil|wood,genre painting,games-and-sport|rivers-and-waterfalls|France|Seine,France,Private Collection,,
georges-seurat/georges-seurat__the-bineau-bridge-1884.jpg,georges-seurat,Georges Seurat,The Bineau Bridge,1884,https://www.wikiart.org/en/georges-seurat/the-bineau-bridge-1884,the-bineau-bridge-1884,https://uploads8.wikiart.org/images/georges-seurat/the-bineau-bridge-1884.jpg!Large.jpg,750,453,Impressionism,oil|wood,genre painting,summer|forests-and-trees|Tree|Water,France,"Nationalmuseum, Stockholm, Sweden",,
georges-seurat/georges-seurat__the-couple-1884.jpg,georges-seurat,Georges Seurat,The Couple,1884,https://www.wikiart.org/en/georges-seurat/the-couple-1884,the-couple-1884,https://uploads1.wikiart.org/images/georges-seurat/the-couple-1884.jpg!Large.jpg,447,600,Pointillism|Neo-Impressionism,oil|canvas,genre painting,couples|gardens-and-parks|Tree|Plant,France,Private Collection,,
georges-seurat/georges-seurat__the-gardener-1884.jpg,georges-seurat,Georges Seurat,The Gardener,1884,https://www.wikiart.org/en/georges-seurat/the-gardener-1884,the-gardener-1884,https://uploads3.wikiart.org/images/georges-seurat/the-gardener-1884.jpg!Large.jpg,750,471,Pointillism|Neo-Impressionism,oil|wood,genre painting,arts-and-crafts|gardens-and-parks|Tree,France,,,
georges-seurat/georges-seurat__the-rope-colored-skirt-1884.jpg,georges-seurat,Georges Seurat,The Rope-Colored Skirt,1884,https://www.wikiart.org/en/georges-seurat/the-rope-colored-skirt-1884,the-rope-colored-skirt-1884,https://uploads4.wikiart.org/images/georges-seurat/the-rope-colored-skirt-1884.jpg!Large.jpg,750,461,Pointillism|Neo-Impressionism,oil|wood,genre painting,gardens-and-parks|Tree|Textile,France,Private Collection,,
georges-seurat/georges-seurat__the-stone-breaker-1884.jpg,georges-seurat,Georges Seurat,The Stone Breaker,1884,https://www.wikiart.org/en/georges-seurat/the-stone-breaker-1884,the-stone-breaker-1884,https://uploads8.wikiart.org/images/georges-seurat/the-stone-breaker-1884.jpg!Large.jpg,750,592,Impressionism,oil|canvas,genre painting,arts-and-crafts|male-portraits,France,Private Collection,,
georges-seurat/georges-seurat__three-men-seated-1884.jpg,georges-seurat,Georges Seurat,Three Men Seated,1884,https://www.wikiart.org/en/georges-seurat/three-men-seated-1884,three-men-seated-1884,https://uploads7.wikiart.org/images/georges-seurat/three-men-seated-1884.jpg!Large.jpg,750,463,Post-Impressionism|Neo-Impressionism,oil|wood,landscape,gardens-and-parks|Tree,France,Private Collection,,
georges-seurat/georges-seurat__woman-fishing-and-seated-figures-1884.jpg,georges-seurat,Georges Seurat,Woman Fishing and Seated Figures,1884,https://www.wikiart.org/en/georges-seurat/woman-fishing-and-seated-figures-1884,woman-fishing-and-seated-figures-1884,https://uploads5.wikiart.org/images/georges-seurat/woman-fishing-and-seated-figures-1884.jpg!Large.jpg,750,461,Pointillism|Neo-Impressionism,oil|wood,genre painting,games-and-sport|couples|gardens-and-parks|Tree,France,Private Collection,,
georges-seurat/georges-seurat__woman-with-a-monkey-1884.jpg,georges-seurat,Georges Seurat,Woman with a Monkey,1884,https://www.wikiart.org/en/georges-seurat/woman-with-a-monkey-1884,woman-with-a-monkey-1884,https://uploads1.wikiart.org/images/georges-seurat/woman-with-a-monkey-1884.jpg!Large.jpg,371,600,Post-Impressionism|Neo-Impressionism,oil|wood,genre painting,animals|gardens-and-parks|Tree|Meadow,France,"Smith College Museum of Art (SCMA), Northampton, MA, US",,
georges-seurat/georges-seurat__woman-with-umbrella-1884.jpg,georges-seurat,Georges Seurat,Woman with Umbrella,1884,https://www.wikiart.org/en/georges-seurat/woman-with-umbrella-1884,woman-with-umbrella-1884,https://uploads1.wikiart.org/images/georges-seurat/woman-with-umbrella-1884.jpg!Large.jpg,360,600,Post-Impressionism|Neo-Impressionism,oil|canvas,genre painting,gardens-and-parks,France,"E.G. Bührle Foundation, Zürich, Switzerland",,
georges-seurat/georges-seurat__bathers-at-asni-res-1884.jpg,georges-seurat,Georges Seurat,Bathers at Asnières,1884,https://www.wikiart.org/en/georges-seurat/bathers-at-asni-res-1884,bathers-at-asni-res-1884,https://uploads1.wikiart.org/images/georges-seurat/bathers-at-asni-res-1884.jpg!Large.jpg,750,498,Pointillism|Neo-Impressionism,oil|canvas,genre painting,,,"National Gallery, London, UK",,
georges-seurat/georges-seurat__a-canoes-1885.jpg,georges-seurat,Georges Seurat,A canoes,1885,https://www.wikiart.org/en/georges-seurat/a-canoes-1885,a-canoes-1885,https://uploads8.wikiart.org/images/georges-seurat/a-canoes-1885.jpg!Large.jpg,750,461,Impressionism,oil|wood,landscape,games-and-sport|boats-and-ships|Tree|Natural landscape|Woody plant|Canoe birch|Plant|Bank,France,Private Collection,,
georges-seurat/georges-seurat__grandcamp-evening-1885.jpg,georges-seurat,Georges Seurat,"Grandcamp, Evening",1885,https://www.wikiart.org/en/georges-seurat/grandcamp-evening-1885,grandcamp-evening-1885,https://uploads7.wikiart.org/images/georges-seurat/grandcamp-evening-1885.jpg,501,400,Pointillism|Neo-Impressionism,oil|canvas,landscape,France|Normandy|Grandcamp|cliffs-and-rocks,France,"Museum of Modern Art (MoMA), New York City, NY, US",,
georges-seurat/georges-seurat__landscape-at-grandcamp-1885.jpg,georges-seurat,Georges Seurat,Landscape at Grandcamp,1885,https://www.wikiart.org/en/georges-seurat/landscape-at-grandcamp-1885,landscape-at-grandcamp-1885,https://uploads4.wikiart.org/images/georges-seurat/landscape-at-grandcamp-1885.jpg!Large.jpg,750,460,Impressionism|Neo-Impressionism,oil|wood,landscape,France|fields-and-plains|Normandy|forests-and-trees|Grandcamp|Brown|Pattern|Wood stain,France,"Palais des Beaux-Arts de Lille, Lille, France",,
georges-seurat/georges-seurat__landscape-with-figure-study-for-la-grande-jatte-1885.jpg,georges-seurat,Georges Seurat,Landscape with Figure. Study for 'La Grande Jatte',1885,https://www.wikiart.org/en/georges-seurat/landscape-with-figure-study-for-la-grande-jatte-1885,landscape-with-figure-study-for-la-grande-jatte-1885,https://uploads2.wikiart.org/images/georges-seurat/landscape-with-figure-study-for-la-grande-jatte-1885.jpg!Large.jpg,750,476,Impressionism,oil|wood,landscape,rivers-and-waterfalls|gardens-and-parks|France|Grande-Jatte|Tree|Bayou|Natural landscape|Natural environment|Leaf|Northern hardwood forest|Bank|Water|Woody plant,France,"National Gallery, London, UK",,
georges-seurat/georges-seurat__low-tide-at-grandcamp-1885.jpg,georges-seurat,Georges Seurat,Low Tide at Grandcamp,1885,https://www.wikiart.org/en/georges-seurat/low-tide-at-grandcamp-1885,low-tide-at-grandcamp-1885,https://uploads3.wikiart.org/images/georges-seurat/low-tide-at-grandcamp-1885.jpg!Large.jpg,750,587,Pointillism|Neo-Impressionism,oil|canvas,marina,boats-and-ships|seas-and-oceans|France|Normandy|Grandcamp|Boat|Vehicle,France,Private Collection,,
georges-seurat/georges-seurat__race-in-grandcamp-1885.jpg,georges-seurat,Georges Seurat,Race in Grandcamp,1885,https://www.wikiart.org/en/georges-seurat/race-in-grandcamp-1885,race-in-grandcamp-1885,https://uploads8.wikiart.org/images/georges-seurat/race-in-grandcamp-1885.jpg!Large.jpg,750,599,Pointillism|Neo-Impressionism,oil|canvas,landscape,boats-and-ships|France|Normandy|Grandcamp|Tree|Sky,France,Private Collection,,
georges-seurat/georges-seurat__ruins-at-grandcamp.jpg,georges-seurat,Georges Seurat,Ruins at Grandcamp,1885,https://www.wikiart.org/en/georges-seurat/ruins-at-grandcamp,ruins-at-grandcamp,https://uploads3.wikiart.org/images/georges-seurat/ruins-at-grandcamp.jpg,640,509,Impressionism|Neo-Impressionism,oil,landscape,ruins-and-columns|France|Normandy|Grandcamp|Picture frame|Rectangle,France,"Musée d'Orsay, Paris, France",,
georges-seurat/georges-seurat__study-for-un-dimanche-dete-a-la-grande-jatte-1885.jpg,georges-seurat,Georges Seurat,"Study for ""Un dimanche d'été à la Grande Jatte""",1885,https://www.wikiart.org/en/georges-seurat/study-for-un-dimanche-dete-a-la-grande-jatte-1885,study-for-un-dimanche-dete-a-la-grande-jatte-1885,https://uploads8.wikiart.org/images/georges-seurat/study-for-un-dimanche-d-été-à-la-grande-jatte-1885.jpg,392,512,Post-Impressionism,crayon|paper,sketch and study,clothing-and-textile,France,"Musée Picasso, Paris, France",,
georges-seurat/georges-seurat__study-for-la-grande-jatte-1885.jpg,georges-seurat,Georges Seurat,Study for 'La Grande Jatte',1885,https://www.wikiart.org/en/georges-seurat/study-for-la-grande-jatte-1885,study-for-la-grande-jatte-1885,https://uploads7.wikiart.org/images/georges-seurat/study-for-la-grande-jatte-1885.jpg!Large.jpg,750,450,Post-Impressionism|Neo-Impressionism,oil|canvas,landscape,animals|dogs|couples|rivers-and-waterfalls|France|Island-of-La-Grande-Jatte|leisure-and-sleep|Tree|Grass|Rural area|Pasture,France,"Art Institute of Chicago, Chicago, IL, US",,
georges-seurat/georges-seurat__study-with-figures-study-for-la-grande-jatte-1885.jpg,georges-seurat,Georges Seurat,Study with Figures. Study for 'La Grande Jatte',1885,https://www.wikiart.org/en/georges-seurat/study-with-figures-study-for-la-grande-jatte-1885,study-with-figures-study-for-la-grande-jatte-1885,https://uploads8.wikiart.org/images/georges-seurat/study-with-figures-study-for-la-grande-jatte-1885.jpg!Large.jpg,750,428,Post-Impressionism|Neo-Impressionism,oil|canvas,genre painting,rivers-and-waterfalls|gardens-and-parks|France|Grande-Jatte|Tree|Woody plant,France,"Art Institute of Chicago, Chicago, IL, US",,
georges-seurat/georges-seurat__the-away-samson-in-grandcamp-1885.jpg,georges-seurat,Georges Seurat,The away Samson in Grandcamp,1885,https://www.wikiart.org/en/georges-seurat/the-away-samson-in-grandcamp-1885,the-away-samson-in-grandcamp-1885,https://uploads1.wikiart.org/images/georges-seurat/the-away-samson-in-grandcamp-1885.jpg!Large.jpg,750,461,Pointillism|Neo-Impressionism,oil|wood,landscape,countryside|cottages-and-farmhouses|fields-and-plains|Normandy,France,Private Collection,,
georges-seurat/georges-seurat__the-bec-du-hoc-grandcamp-1885.jpg,georges-seurat,Georges Seurat,"The Bec du Hoc, Grandcamp",1885,https://www.wikiart.org/en/georges-seurat/the-bec-du-hoc-grandcamp-1885,the-bec-du-hoc-grandcamp-1885,https://uploads6.wikiart.org/images/georges-seurat/the-bec-du-hoc-grandcamp-1885.jpg!Large.jpg,711,600,Pointillism|Neo-Impressionism,oil|canvas,landscape,France|Normandy|Grandcamp,France,"Tate Modern, London, UK",,
georges-seurat/georges-seurat__the-english-channel-at-grandcamp-1885.jpg,georges-seurat,Georges Seurat,The English Channel at Grandcamp,1885,https://www.wikiart.org/en/georges-seurat/the-english-channel-at-grandcamp-1885,the-english-channel-at-grandcamp-1885,https://uploads5.wikiart.org/images/georges-seurat/the-english-channel-at-grandcamp-1885.jpg!Large.jpg,750,588,Pointillism|Neo-Impressionism,oil|canvas,landscape,France|Normandy|Grandcamp|cliffs-and-rocks|Water,France,"Museum of Modern Art (MoMA), New York City, NY, US",,
georges-seurat/georges-seurat__the-seine-at-courbevoie-1885.jpg,georges-seurat,Georges Seurat,The Seine at Courbevoie,1885,https://www.wikiart.org/en/georges-seurat/the-seine-at-courbevoie-1885,the-seine-at-courbevoie-1885,https://uploads5.wikiart.org/images/georges-seurat/the-seine-at-courbevoie-1885.jpg!Large.jpg,480,600,Pointillism|Neo-Impressionism,oil|canvas,landscape,houses-and-buildings|rivers-and-waterfalls|France|forests-and-trees|Courbevoie|Tree|Water|Reflection|Trunk|Woody plant|Grass|Leaf,France,Private Collection,,
georges-seurat/georges-seurat__view-of-fort-samson-1885.jpg,georges-seurat,Georges Seurat,View of Fort Samson,1885,https://www.wikiart.org/en/georges-seurat/view-of-fort-samson-1885,view-of-fort-samson-1885,https://uploads0.wikiart.org/images/georges-seurat/view-of-fort-samson-1885.jpg,722,575,Pointillism|Neo-Impressionism,oil|canvas,landscape,houses-and-buildings|boats-and-ships|France|Fort-Samson|Grass|Grass family|Sky,France,"Hermitage Museum, Saint Petersburg, Russia",,
georges-seurat/georges-seurat__white-dog-1885.jpg,georges-seurat,Georges Seurat,White dog,1885,https://www.wikiart.org/en/georges-seurat/white-dog-1885,white-dog-1885,https://uploads5.wikiart.org/00168/images/georges-seurat/rosengart-seurat-white-dog.jpg!Large.jpg,750,449,Pointillism|Neo-Impressionism,oil|wood,,animals|gardens-and-parks|Tree,France,,,
georges-seurat/georges-seurat__alfalfa-st-denis-1886.jpg,georges-seurat,Georges Seurat,"Alfalfa, St. Denis",1886,https://www.wikiart.org/en/georges-seurat/alfalfa-st-denis-1886,alfalfa-st-denis-1886,https://uploads7.wikiart.org/images/georges-seurat/alfalfa-st-denis-1886.jpg!Large.jpg,750,586,Pointillism|Neo-Impressionism,oil|canvas,landscape,cottages-and-farmhouses|France|fields-and-plains|Meadow|Flower|Grass|Plant|Field|Grassland|Wildflower,France,"Scottish National Gallery, Edinburgh, UK",,
georges-seurat/georges-seurat__beach-at-bas-butin-honfleur-1886.jpg,georges-seurat,Georges Seurat,"Beach at Bas Butin, Honfleur",1886,https://www.wikiart.org/en/georges-seurat/beach-at-bas-butin-honfleur-1886,beach-at-bas-butin-honfleur-1886,https://uploads0.wikiart.org/images/georges-seurat/beach-at-bas-butin-honfleur-1886.jpg!Large.jpg,728,600,Pointillism|Neo-Impressionism,oil|canvas,landscape,France|Normandy|Honfleur|cliffs-and-rocks|Sky|Cloud|Water|Atmosphere,France,"Musée des Beaux-Arts Tournai, Tournai, Belgium",,
georges-seurat/georges-seurat__end-of-the-jetty-honfleur-1886.jpg,georges-seurat,Georges Seurat,"End of the Jetty, Honfleur",1886,https://www.wikiart.org/en/georges-seurat/end-of-the-jetty-honfleur-1886,end-of-the-jetty-honfleur-1886,https://uploads7.wikiart.org/images/georges-seurat/end-of-the-jetty-honfleur-1886.jpg!Large.jpg,740,600,Pointillism|Neo-Impressionism,oil|canvas,landscape,boats-and-ships|France|Normandy|Honfleur|Water|Grass|Sky|Line|Atmosphere,France,"Kröller-Müller Museum, Otterlo, Netherlands",,
georges-seurat/georges-seurat__harbor-in-honfleur-1886.jpg,georges-seurat,Georges Seurat,Harbor in Honfleur,1886,https://www.wikiart.org/en/georges-seurat/harbor-in-honfleur-1886,harbor-in-honfleur-1886,https://uploads0.wikiart.org/images/georges-seurat/harbor-in-honfleur-1886.jpg!Large.jpg,479,600,Pointillism|Neo-Impressionism,oil|canvas,cityscape,boats-and-ships|France|Normandy|Honfleur|Vehicle,France,"Kröller-Müller Museum, Otterlo, Netherlands",,
georges-seurat/georges-seurat__hospice-and-lighthouse-honfleur-1886.jpg,georges-seurat,Georges Seurat,"Hospice and Lighthouse, Honfleur",1886,https://www.wikiart.org/en/georges-seurat/hospice-and-lighthouse-honfleur-1886,hospice-and-lighthouse-honfleur-1886,https://uploads4.wikiart.org/images/georges-seurat/hospice-and-lighthouse-honfleur-1886.jpg!Large.jpg,750,599,Pointillism|Neo-Impressionism,oil|canvas,cityscape,houses-and-buildings|boats-and-ships|France|Normandy|Honfleur|Water|Sky|Sea,France,"Chester Beatty Library, Dublin, Ireland",,
georges-seurat/georges-seurat__model-from-the-back-1886.jpg,georges-seurat,Georges Seurat,Model from the Back,1886,https://www.wikiart.org/en/georges-seurat/model-from-the-back-1886,model-from-the-back-1886,https://uploads1.wikiart.org/images/georges-seurat/model-from-the-back-1886.jpg!Large.jpg,373,600,Pointillism|Neo-Impressionism,oil|wood,nude painting (nu),female-nude,France,"Musée d'Orsay, Paris, France",,
georges-seurat/georges-seurat__model-in-profile-1886.jpg,georges-seurat,Georges Seurat,Model in Profile,1886,https://www.wikiart.org/en/georges-seurat/model-in-profile-1886,model-in-profile-1886,https://uploads7.wikiart.org/images/georges-seurat/model-in-profile-1886.jpg!Large.jpg,367,600,Pointillism|Neo-Impressionism,oil|wood,nude painting (nu),female-nude|furniture-and-decoration,France,"Musée d'Orsay, Paris, France",,
georges-seurat/georges-seurat__mouth-of-the-seine-at-honfleur-evening-1886.jpg,georges-seurat,Georges Seurat,"Mouth of the Seine at Honfleur, evening",1886,https://www.wikiart.org/en/georges-seurat/mouth-of-the-seine-at-honfleur-evening-1886,mouth-of-the-seine-at-honfleur-evening-1886,https://uploads2.wikiart.org/images/georges-seurat/mouth-of-the-seine-at-honfleur-evening-1886.jpg!Large.jpg,731,600,Pointillism|Neo-Impressionism,oil|canvas,landscape,sunrise-and-sunset|France|Normandy|Honfleur|cliffs-and-rocks|Picture frame,France,"Museum of Modern Art (MoMA), New York City, NY, US",,
georges-seurat/georges-seurat__port-of-honfleur-1886.jpg,georges-seurat,Georges Seurat,Port of Honfleur,1886,https://www.wikiart.org/en/georges-seurat/port-of-honfleur-1886,port-of-honfleur-1886,https://uploads7.wikiart.org/images/georges-seurat/port-of-honfleur-1886.jpg!Large.jpg,738,600,Pointillism|Neo-Impressionism,oil|canvas,marina,boats-and-ships|France|Normandy|Honfleur,France,"Barnes Foundation, Philadelphia, PA, US",,
georges-seurat/georges-seurat__sunday-afternoon-on-the-island-of-la-grande-jatte-1886.jpg,georges-seurat,Georges Seurat,Sunday Afternoon on the Island of La Grande Jatte,1886,https://www.wikiart.org/en/georges-seurat/sunday-afternoon-on-the-island-of-la-grande-jatte-1886,sunday-afternoon-on-the-island-of-la-grande-jatte-1886,https://uploads4.wikiart.org/images/georges-seurat/sunday-afternoon-on-the-island-of-la-grande-jatte-1886.jpg!Large.jpg,750,507,Pointillism|Neo-Impressionism,oil|canvas,genre painting,animals|dogs|couples|rivers-and-waterfalls|France|Island-of-La-Grande-Jatte|leisure-and-sleep,France,"Art Institute of Chicago, Chicago, IL, US",,"This most famous and influential [url href=https://www.wikiart.org/en/paintings-by-style/neo-impressionism]Neo-Impressionist[/url] work depicts a cross-section of Paris society enjoying a Sunday afternoon in the park on an island in the Seine River just at the gates of Paris. Sunday was the time that middle-class Parisians escaped the city to enjoy the outdoors. The people primarily gather in small groups of two or three or sit alone in proximity to others. It is the relationship between these people that creates a sense of modernity, with its distance and disconnection, and nervous tension that lends the work an air of mystery.

Using a grid system and applying small dots of paint, Seurat took two years to complete this large-scale painting. He went to the park often, observing and making over 60 preliminary studies, including 15 in oil. Invoking Greek classical art, Seurat explained, ""The Panathenaeans of Phidias formed a procession. I want to make modern people, in their essential traits, move about as they do on those friezes, and place them on canvases organized by harmonies of color."" Seurat hoped to capture the permanence, or essential forms, behind the fleeting moments. Everyone here is caught in a still pose, except for the child in the orange dress skipping off into the trees, the man on the far left playing trombone, and the furious little dog at the lower right. However, it seems a stillness that might burst into movement at any moment, just as the upper half of the painting moves into the sunlight and the boats in the distance cut across the river. While Seurat invoked classical and Egyptian figures, some have interpreted the overall static effect of the composition and the stiffness of the poses as a critique of the artificiality of modern society and the boredom of middle-class life."
georges-seurat/georges-seurat__the-maria-honfleur-1886.jpg,georges-seurat,Georges Seurat,"The Maria, Honfleur",1886,https://www.wikiart.org/en/georges-seurat/the-maria-honfleur-1886,the-maria-honfleur-1886,https://uploads0.wikiart.org/images/georges-seurat/the-maria-honfleur-1886.jpg!Large.jpg,689,600,Pointillism|Neo-Impressionism,oil|canvas,cityscape,boats-and-ships|France|Normandy|Honfleur,France,,,
georges-seurat/georges-seurat__the-pont-de-courbevoie-1886.jpg,georges-seurat,Georges Seurat,The Pont de Courbevoie,1886,https://www.wikiart.org/en/georges-seurat/the-pont-de-courbevoie-1886,the-pont-de-courbevoie-1886,https://uploads4.wikiart.org/images/georges-seurat/the-pont-de-courbevoie-1886.jpg!Large.jpg,750,589,Pointillism|Neo-Impressionism,crayon|paper,cityscape,boats-and-ships|rain-and-fog|France|Courbevoie|Text|Line|Sketch,France,Private Collection,,
georges-seurat/georges-seurat__the-port-of-honfleur-1886.jpg,georges-seurat,Georges Seurat,The Port of Honfleur,1886,https://www.wikiart.org/en/georges-seurat/the-port-of-honfleur-1886,the-port-of-honfleur-1886,https://uploads2.wikiart.org/images/georges-seurat/the-port-of-honfleur-1886.jpg!Large.jpg,750,562,Pointillism|Neo-Impressionism,crayon|paper,cityscape,boats-and-ships|France|Normandy|Honfleur|Line,France,Private Collection,,
georges-seurat/georges-seurat__the-seamstress-or-sunday-at-the-grande-jatte-study-for-a-sunday-afternoon-on-the-island-of-la-1886.jpg,georges-seurat,Georges Seurat,Study for 'A Sunday Afternoon on the Island of La Grande Jatte',1886,https://www.wikiart.org/en/georges-seurat/the-seamstress-or-sunday-at-the-grande-jatte-study-for-a-sunday-afternoon-on-the-island-of-la-1886,the-seamstress-or-sunday-at-the-grande-jatte-study-for-a-sunday-afternoon-on-the-island-of-la-1886,https://uploads3.wikiart.org/images/georges-seurat/the-seamstress-or-sunday-at-the-grande-jatte-study-for-a-sunday-afternoon-on-the-island-of-la-1886.jpg!Large.jpg,750,458,Post-Impressionism|Neo-Impressionism,oil|wood,genre painting,rivers-and-waterfalls|gardens-and-parks|France|Grande-Jatte|Tree|Water|Natural landscape|Reflection|Bank|Woody plant,France,"Musée d'Orsay, Paris, France",,
georges-seurat/georges-seurat__women-by-the-water-1886.jpg,georges-seurat,Georges Seurat,Women by the Water,1886,https://www.wikiart.org/en/georges-seurat/women-by-the-water-1886,women-by-the-water-1886,https://uploads0.wikiart.org/images/georges-seurat/women-by-the-water-1886.jpg!Large.jpg,750,461,Pointillism|Neo-Impressionism,oil|wood,genre painting,gardens-and-parks|Textile,France,Private Collection,,
georges-seurat/georges-seurat__anaïs-faivre-haumonté-on-her-deathbed-1887.jpg,georges-seurat,Georges Seurat,Anaïs Faivre Haumonté on her deathbed,1887,https://www.wikiart.org/en/georges-seurat/anaïs-faivre-haumonté-on-her-deathbed-1887,anaïs-faivre-haumonté-on-her-deathbed-1887,https://uploads1.wikiart.org/images/georges-seurat/anaïs-faivre-haumonté-on-her-deathbed-1887.jpg!Large.jpg,750,500,Pointillism|Neo-Impressionism,crayon|gouache|paper,genre painting,domestic-settings|birth-and-death|Line,France,,,
georges-seurat/georges-seurat__model-to-front-1887.jpg,georges-seurat,Georges Seurat,Model to front,1887,https://www.wikiart.org/en/georges-seurat/model-to-front-1887,model-to-front-1887,https://uploads4.wikiart.org/images/georges-seurat/model-to-front-1887.jpg,327,512,Pointillism|Neo-Impressionism,oil|wood,nude painting (nu),female-nude,France,"Musée d'Orsay, Paris, France",,
georges-seurat/georges-seurat__part-of-the-studio-1887.jpg,georges-seurat,Georges Seurat,Part of the studio,1887,https://www.wikiart.org/en/georges-seurat/part-of-the-studio-1887,part-of-the-studio-1887,https://uploads0.wikiart.org/images/georges-seurat/part-of-the-studio-1887.jpg!Large.jpg,750,500,Post-Impressionism|Neo-Impressionism,crayon|paper,genre painting,furniture-and-decoration|studios-and-workshops,France,,,
georges-seurat/georges-seurat__poseur-standing-front-view-study-for-les-poseuses-1887.jpg,georges-seurat,Georges Seurat,"Poseur standing, front view, study for ""Les poseuses""",1887,https://www.wikiart.org/en/georges-seurat/poseur-standing-front-view-study-for-les-poseuses-1887,poseur-standing-front-view-study-for-les-poseuses-1887,https://uploads4.wikiart.org/images/georges-seurat/poseur-standing-front-view-study-for-les-poseuses-1887.jpg!Large.jpg,374,600,Pointillism|Neo-Impressionism,oil|wood,nude painting (nu),female-nude,France,"Musée d'Orsay, Paris, France",,
georges-seurat/georges-seurat__the-bridge-at-courbevoie-1887.jpg,georges-seurat,Georges Seurat,The Bridge at Courbevoie,1887,https://www.wikiart.org/en/georges-seurat/the-bridge-at-courbevoie-1887,the-bridge-at-courbevoie-1887,https://uploads6.wikiart.org/images/georges-seurat/the-bridge-at-courbevoie-1887.jpg!Large.jpg,721,600,Pointillism|Neo-Impressionism,oil|canvas,cityscape,games-and-sport|boats-and-ships|Tree|Water|Waterway,France,"Courtauld Institute of Art, London, UK",,
georges-seurat/georges-seurat__trombone-player-1887.jpg,georges-seurat,Georges Seurat,Trombone player,1887,https://www.wikiart.org/en/georges-seurat/trombone-player-1887,trombone-player-1887,https://uploads5.wikiart.org/images/georges-seurat/trombone-player-1887.jpg,350,451,Pointillism|Neo-Impressionism,crayon|paper,genre painting,celebrations-and-festivals|Shadow|Human,France,"Philadelphia Museum of Art, Philadelphia, PA, US",,
georges-seurat/georges-seurat__circus-sideshow-1888.jpg,georges-seurat,Georges Seurat,Circus Sideshow,1888,https://www.wikiart.org/en/georges-seurat/circus-sideshow-1888,circus-sideshow-1888,https://uploads5.wikiart.org/images/georges-seurat/circus-sideshow-1888.jpg,700,478,Pointillism|Neo-Impressionism,oil|canvas,genre painting,celebrations-and-festivals|Circus,France,"Metropolitan Museum of Art (Met), New York City, NY, US",,
georges-seurat/georges-seurat__harbour-at-port-en-bessin-at-high-tide-1888.jpg,georges-seurat,Georges Seurat,Harbour at Port-en-Bessin at High Tide,1888,https://www.wikiart.org/en/georges-seurat/harbour-at-port-en-bessin-at-high-tide-1888,harbour-at-port-en-bessin-at-high-tide-1888,https://uploads2.wikiart.org/images/georges-seurat/harbour-at-port-en-bessin-at-high-tide-1888.jpg!Large.jpg,750,581,Pointillism|Neo-Impressionism,oil|canvas,landscape,boats-and-ships|France|Normandy|Port-en-Bessin|cliffs-and-rocks,France,"Musée d'Orsay, Paris, France",,
georges-seurat/georges-seurat__port-en-bessin-entrance-to-the-harbor-1888.jpg,georges-seurat,Georges Seurat,Port-en-Bessin Entrance to the Harbor,1888,https://www.wikiart.org/en/georges-seurat/port-en-bessin-entrance-to-the-harbor-1888,port-en-bessin-entrance-to-the-harbor-1888,https://uploads1.wikiart.org/images/georges-seurat/port-en-bessin-entrance-to-the-harbor-1888.jpg!Large.jpg,729,600,Pointillism|Neo-Impressionism,oil|canvas,marina,boats-and-ships|France|Normandy|Port-en-Bessin|Grass|Sailboat,France,"Museum of Modern Art (MoMA), New York City, NY, US",,
georges-seurat/georges-seurat__port-en-bessin-the-outer-harbor-low-tide-1888.jpg,georges-seurat,Georges Seurat,"Port-en-Bessin, The Outer Harbor, Low Tide",1888,https://www.wikiart.org/en/georges-seurat/port-en-bessin-the-outer-harbor-low-tide-1888,port-en-bessin-the-outer-harbor-low-tide-1888,https://uploads4.wikiart.org/images/georges-seurat/port-en-bessin-the-outer-harbor-low-tide-1888.jpg!Large.jpg,723,600,Pointillism|Neo-Impressionism,oil|canvas,cityscape,houses-and-buildings|boats-and-ships|France|Normandy|Port-en-Bessin,France,,,
georges-seurat/georges-seurat__port-en-bessin-the-semaphore-and-cliffs-1888.jpg,georges-seurat,Georges Seurat,"Port-en-Bessin, the Semaphore and Cliffs",1888,https://www.wikiart.org/en/georges-seurat/port-en-bessin-the-semaphore-and-cliffs-1888,port-en-bessin-the-semaphore-and-cliffs-1888,https://uploads3.wikiart.org/images/georges-seurat/port-en-bessin-the-semaphore-and-cliffs-1888.jpg!Large.jpg,750,596,Pointillism|Neo-Impressionism,oil|canvas,landscape,France|Normandy|Port-en-Bessin|cliffs-and-rocks,France,,,
georges-seurat/georges-seurat__study-for-invitation-to-the-sideshow-1888.jpg,georges-seurat,Georges Seurat,Study for 'Invitation to the Sideshow',1888,https://www.wikiart.org/en/georges-seurat/study-for-invitation-to-the-sideshow-1888,study-for-invitation-to-the-sideshow-1888,https://uploads0.wikiart.org/images/georges-seurat/study-for-invitation-to-the-sideshow-1888.jpg!Large.jpg,750,483,Pointillism|Neo-Impressionism,oil|canvas,genre painting,celebrations-and-festivals|Textile,France,"E.G. Bührle Foundation, Zürich, Switzerland",,
georges-seurat/georges-seurat__sunday-at-port-en-bessin-1888.jpg,georges-seurat,Georges Seurat,Sunday at Port-en-Bessin,1888,https://www.wikiart.org/en/georges-seurat/sunday-at-port-en-bessin-1888,sunday-at-port-en-bessin-1888,https://uploads6.wikiart.org/images/georges-seurat/sunday-at-port-en-bessin-1888.jpg!Large.jpg,750,596,Pointillism|Neo-Impressionism,oil|canvas,cityscape,houses-and-buildings|boats-and-ships|France|Normandy|Port-en-Bessin|Vehicle,France,"Kröller-Müller Museum, Otterlo, Netherlands",,
georges-seurat/georges-seurat__the-channel-at-gravelines-grand-fort-philippe-1888.jpg,georges-seurat,Georges Seurat,"The Channel at Gravelines, Grand Fort-Philippe",1888,https://www.wikiart.org/en/georges-seurat/the-channel-at-gravelines-grand-fort-philippe-1888,the-channel-at-gravelines-grand-fort-philippe-1888,https://uploads0.wikiart.org/images/georges-seurat/the-channel-at-gravelines-grand-fort-philippe-1888.jpg!Large.jpg,750,585,Pointillism|Neo-Impressionism,oil|canvas,cityscape,houses-and-buildings|France|Graveline,France,"National Gallery, London, UK",,
georges-seurat/georges-seurat__the-garbage-picker.jpg,georges-seurat,Georges Seurat,The Garbage Picker,1888,https://www.wikiart.org/en/georges-seurat/the-garbage-picker,the-garbage-picker,https://uploads4.wikiart.org/images/georges-seurat/the-garbage-picker.jpg!Large.jpg,471,600,Pointillism|Neo-Impressionism,crayon|paper,genre painting,arts-and-crafts|countryside|Shadow,France,"Museu da Chacara do Ceu, Rio de Janeiro, Brazil",,
georges-seurat/georges-seurat__the-harbour-and-the-quays-at-port-en-bessin-1888.jpg,georges-seurat,Georges Seurat,The Harbour and the Quays at Port-en-Bessin,1888,https://www.wikiart.org/en/georges-seurat/the-harbour-and-the-quays-at-port-en-bessin-1888,the-harbour-and-the-quays-at-port-en-bessin-1888,https://uploads7.wikiart.org/images/georges-seurat/the-harbour-and-the-quays-at-port-en-bessin-1888.jpg!Large.jpg,750,596,Pointillism|Neo-Impressionism,oil|canvas,cityscape,houses-and-buildings|France|Normandy|Port-en-Bessin,France,,,
georges-seurat/georges-seurat__the-models-1888.jpg,georges-seurat,Georges Seurat,The Models,1888,https://www.wikiart.org/en/georges-seurat/the-models-1888,the-models-1888,https://uploads1.wikiart.org/images/georges-seurat/the-models-1888.jpg!Large.jpg,750,596,Pointillism|Neo-Impressionism,oil|canvas,nude painting (nu),female-nude|furniture-and-decoration,France,"Barnes Foundation, Philadelphia, PA, US",,
georges-seurat/georges-seurat__the-river-seine-at-la-grande-jatte-1888.jpg,georges-seurat,Georges Seurat,The river Seine at La Grande-Jatte,1888,https://www.wikiart.org/en/georges-seurat/the-river-seine-at-la-grande-jatte-1888,the-river-seine-at-la-grande-jatte-1888,https://uploads7.wikiart.org/images/georges-seurat/the-river-seine-at-la-grande-jatte-1888.jpg!Large.jpg,750,583,Pointillism|Neo-Impressionism,oil|canvas,landscape,games-and-sport|boats-and-ships|Sailboat|Boat|Tree|Vehicle,France,"Royal Museums of Fine Arts of Belgium, Brussels, Belgium",,
georges-seurat/georges-seurat__the-seine-at-la-grande-jatte-in-the-spring-1888.jpg,georges-seurat,Georges Seurat,The Seine at La Grande Jatte in the Spring,1888,https://www.wikiart.org/en/georges-seurat/the-seine-at-la-grande-jatte-in-the-spring-1888,the-seine-at-la-grande-jatte-in-the-spring-1888,https://uploads6.wikiart.org/images/georges-seurat/the-seine-at-la-grande-jatte-in-the-spring-1888.jpg!Large.jpg,737,600,Pointillism|Neo-Impressionism,oil|canvas,landscape,countryside|boats-and-ships|cottages-and-farmhouses|Textile,France,"Royal Museums of Fine Arts of Belgium, Brussels, Belgium",,
georges-seurat/georges-seurat__woman-seated-by-an-easel-1888.jpg,georges-seurat,Georges Seurat,Woman Seated by an Easel,1888,https://www.wikiart.org/en/georges-seurat/woman-seated-by-an-easel-1888,woman-seated-by-an-easel-1888,https://uploads6.wikiart.org/images/georges-seurat/woman-seated-by-an-easel-1888.jpg!Large.jpg,456,600,Pointillism|Neo-Impressionism,crayon|paper,genre painting,female-portraits|reading-and-writing|Nose,France,"Fogg Museum (Harvard Art Museums), Cambridge, MA, US",,
georges-seurat/georges-seurat__the-eiffel-tower-1889.jpg,georges-seurat,Georges Seurat,The Eiffel Tower,1889,https://www.wikiart.org/en/georges-seurat/the-eiffel-tower-1889,the-eiffel-tower-1889,https://uploads7.wikiart.org/images/georges-seurat/the-eiffel-tower-1889.jpg!Large.jpg,366,600,Pointillism|Neo-Impressionism,oil|wood,cityscape,autumn|Paris|France,,"Fine Arts Museums of San Francisco, San Francisco, CA, US",,
georges-seurat/georges-seurat__view-of-crotoy-the-valley-1889.jpg,georges-seurat,Georges Seurat,"View of Crotoy, the Valley",1889,https://www.wikiart.org/en/georges-seurat/view-of-crotoy-the-valley-1889,view-of-crotoy-the-valley-1889,https://uploads7.wikiart.org/images/georges-seurat/view-of-crotoy-the-valley-1889.jpg!Large.jpg,750,599,Pointillism|Neo-Impressionism,oil|canvas,landscape,houses-and-buildings|France|Crotoy,France,Private Collection,,
georges-seurat/georges-seurat__view-of-le-crotoy-from-upstream-1889.jpg,georges-seurat,Georges Seurat,"View of Le Crotoy, from Upstream",1889,https://www.wikiart.org/en/georges-seurat/view-of-le-crotoy-from-upstream-1889,view-of-le-crotoy-from-upstream-1889,https://uploads4.wikiart.org/images/georges-seurat/view-of-le-crotoy-from-upstream-1889.jpg!Large.jpg,719,600,Pointillism|Neo-Impressionism,oil|canvas,landscape,houses-and-buildings|France|Crotoy|Picture frame,France,"Detroit Institute of Arts, Detroit, MI, US",,
georges-seurat/georges-seurat__beach-at-gravelines-1890.jpg,georges-seurat,Georges Seurat,Beach at Gravelines,1890,https://www.wikiart.org/en/georges-seurat/beach-at-gravelines-1890,beach-at-gravelines-1890,https://uploads1.wikiart.org/images/georges-seurat/beach-at-gravelines-1890.jpg!Large.jpg,750,494,Pointillism|Neo-Impressionism,oil|wood,marina,sunrise-and-sunset|seas-and-oceans|France|Graveline|Line,France,"Courtauld Institute of Art, London, UK",,
georges-seurat/georges-seurat__chahut-1890.jpg,georges-seurat,Georges Seurat,Chahut,1890,https://www.wikiart.org/en/georges-seurat/chahut-1890,chahut-1890,https://uploads6.wikiart.org/images/georges-seurat/chahut-1890.jpg!Large.jpg,470,600,Pointillism|Neo-Impressionism,oil|canvas,genre painting,celebrations-and-festivals|Textile,France,"Kröller-Müller Museum, Otterlo, Netherlands",,
georges-seurat/georges-seurat__portrait-of-paul-signac-1890.jpg,georges-seurat,Georges Seurat,Portrait of Paul Signac,1890,https://www.wikiart.org/en/georges-seurat/portrait-of-paul-signac-1890,portrait-of-paul-signac-1890,https://uploads5.wikiart.org/images/georges-seurat/portrait-of-paul-signac-1890.jpg!Large.jpg,493,600,Pointillism|Neo-Impressionism,crayon|paper,portrait,male-portraits|famous-people|Paul-Signac|Facial hair|Beard|monochrome|Male|Gentleman|Monochrome photography|Human|Eye,France,Private Collection,,
georges-seurat/georges-seurat__study-for-young-woman-powdering-herself-1890.jpg,georges-seurat,Georges Seurat,"Study for ""Young Woman Powdering Herself""",1890,https://www.wikiart.org/en/georges-seurat/study-for-young-woman-powdering-herself-1890,study-for-young-woman-powdering-herself-1890,https://uploads3.wikiart.org/images/georges-seurat/study-for-young-woman-powdering-herself-1890.jpg!Large.jpg,387,600,Pointillism|Neo-Impressionism,oil|wood,sketch and study,female-portraits|furniture-and-decoration,France,,,
georges-seurat/georges-seurat__study-for-chahut-1890.jpg,georges-seurat,Georges Seurat,Study for 'Chahut',1890,https://www.wikiart.org/en/georges-seurat/study-for-chahut-1890,study-for-chahut-1890,https://uploads7.wikiart.org/images/georges-seurat/study-for-chahut-1890.jpg!Large.jpg,524,600,Pointillism|Neo-Impressionism,oil|canvas,genre painting,celebrations-and-festivals|Textile|Brown,France,"Albright-Knox Art Gallery, Buffalo, NY, US",,
georges-seurat/georges-seurat__study-for-the-chahut-1890.jpg,georges-seurat,Georges Seurat,Study for The Chahut,1890,https://www.wikiart.org/en/georges-seurat/study-for-the-chahut-1890,study-for-the-chahut-1890,https://uploads2.wikiart.org/images/georges-seurat/study-for-the-chahut-1890.jpg!Large.jpg,430,600,Pointillism|Neo-Impressionism,oil|wood,genre painting,celebrations-and-festivals|Textile,France,"Courtauld Institute of Art, London, UK",,
georges-seurat/georges-seurat__study-for-the-channel-at-gravelines-1890.jpg,georges-seurat,Georges Seurat,Study for 'The Channel at Gravelines',1890,https://www.wikiart.org/en/georges-seurat/study-for-the-channel-at-gravelines-1890,study-for-the-channel-at-gravelines-1890,https://uploads8.wikiart.org/images/georges-seurat/study-for-the-channel-at-gravelines-1890.jpg!Large.jpg,750,469,Pointillism|Neo-Impressionism,oil|canvas,landscape,boats-and-ships|France|Graveline|Line,France,,,
georges-seurat/georges-seurat__study-for-the-channel-at-gravelines-evening-1890.jpg,georges-seurat,Georges Seurat,"Study for 'The Channel at Gravelines, Evening'",1890,https://www.wikiart.org/en/georges-seurat/study-for-the-channel-at-gravelines-evening-1890,study-for-the-channel-at-gravelines-evening-1890,https://uploads7.wikiart.org/images/georges-seurat/study-for-the-channel-at-gravelines-evening-1890.jpg!Large.jpg,750,462,Pointillism|Neo-Impressionism,oil|wood,cityscape,France|Graveline,France,,,
georges-seurat/georges-seurat__the-channel-at-gravelines-evening-1890.jpg,georges-seurat,Georges Seurat,"The Channel at Gravelines, Evening",1890,https://www.wikiart.org/en/georges-seurat/the-channel-at-gravelines-evening-1890,the-channel-at-gravelines-evening-1890,https://uploads6.wikiart.org/images/georges-seurat/the-channel-at-gravelines-evening-1890.jpg!Large.jpg,747,600,Pointillism|Neo-Impressionism,oil|canvas,cityscape,boats-and-ships|France|Graveline,France,"Museum of Modern Art (MoMA), New York City, NY, US",,
georges-seurat/georges-seurat__the-channel-at-gravelines-in-the-direction-of-the-sea-1890.jpg,georges-seurat,Georges Seurat,"The Channel at Gravelines, in the Direction of the Sea",1890,https://www.wikiart.org/en/georges-seurat/the-channel-at-gravelines-in-the-direction-of-the-sea-1890,the-channel-at-gravelines-in-the-direction-of-the-sea-1890,https://uploads8.wikiart.org/images/georges-seurat/the-channel-at-gravelines-in-the-direction-of-the-sea-1890.jpg!Large.jpg,750,581,Pointillism|Neo-Impressionism,oil|canvas,landscape,boats-and-ships|France|Graveline|Boat|Vehicle|Sailboat|Sailing|Watercraft|Sail,France,"Kröller-Müller Museum, Otterlo, Netherlands",,
georges-seurat/georges-seurat__the-channel-of-gravelines-petit-fort-philippe-1890.jpg,georges-seurat,Georges Seurat,"The Channel of Gravelines, Petit Fort Philippe",1890,https://www.wikiart.org/en/georges-seurat/the-channel-of-gravelines-petit-fort-philippe-1890,the-channel-of-gravelines-petit-fort-philippe-1890,https://uploads0.wikiart.org/images/georges-seurat/the-channel-of-gravelines-petit-fort-philippe-1890.jpg!Large.jpg,750,591,Pointillism|Neo-Impressionism,oil|canvas,cityscape,boats-and-ships|France|Graveline|Petit-Fort-Philippe|Water|Sky,France,"Indianapolis Museum of Art (IMA), Indianapolis, IN, US",,
georges-seurat/georges-seurat__young-woman-powdering-herself-1890.jpg,georges-seurat,Georges Seurat,Young Woman Powdering Herself,1890,https://www.wikiart.org/en/georges-seurat/young-woman-powdering-herself-1890,young-woman-powdering-herself-1890,https://uploads2.wikiart.org/images/georges-seurat/young-woman-powdering-herself-1890.jpg!Large.jpg,480,600,Pointillism|Neo-Impressionism,oil|canvas,genre painting,female-portraits|furniture-and-decoration|mirrors,France,"Courtauld Institute of Art, London, UK|Courtauld Gallery, London, UK",,
georges-seurat/georges-seurat__study-for-the-circus-1891.jpg,georges-seurat,Georges Seurat,Study for 'The Circus',1891,https://www.wikiart.org/en/georges-seurat/study-for-the-circus-1891,study-for-the-circus-1891,https://uploads2.wikiart.org/images/georges-seurat/study-for-the-circus-1891.jpg!Large.jpg,490,600,Pointillism|Neo-Impressionism,oil|canvas,sketch and study,celebrations-and-festivals|Map|Ecoregion,France,"Musée d'Orsay, Paris, France",,
georges-seurat/georges-seurat__the-circus-1891.jpg,georges-seurat,Georges Seurat,The Circus,1891,https://www.wikiart.org/en/georges-seurat/the-circus-1891,the-circus-1891,https://uploads3.wikiart.org/00129/images/georges-seurat/the-circus.jpg!Large.jpg,480,600,Pointillism|Neo-Impressionism,oil|canvas,genre painting,celebrations-and-festivals|Picture frame,France,"Musée d'Orsay, Paris, France",,
georges-seurat/georges-seurat__at-work-the-land-man-s-face-in-profile-leaning-forward.jpg,georges-seurat,Georges Seurat,"At work the land: man's face in profile, leaning forward",,https://www.wikiart.org/en/georges-seurat/at-work-the-land-man-s-face-in-profile-leaning-forward,at-work-the-land-man-s-face-in-profile-leaning-forward,https://uploads4.wikiart.org/images/georges-seurat/at-work-the-land-man-s-face-in-profile-leaning-forward.jpg!Large.jpg,750,500,Post-Impressionism,crayon|paper,genre painting,arts-and-crafts|Picture frame|Rectangle,France,,,
georges-seurat/georges-seurat__group-of-figures-in-front-of-a-house-and-some-trees.jpg,georges-seurat,Georges Seurat,Group of figures in front of a house and some trees,,https://www.wikiart.org/en/georges-seurat/group-of-figures-in-front-of-a-house-and-some-trees,group-of-figures-in-front-of-a-house-and-some-trees,https://uploads1.wikiart.org/images/georges-seurat/group-of-figures-in-front-of-a-house-and-some-trees.jpg!Large.jpg,750,500,Post-Impressionism,crayon|paper,genre painting,houses-and-buildings|Text|Picture frame,France,,,
georges-seurat/georges-seurat__nurse-sitting-holding-her-baby.jpg,georges-seurat,Georges Seurat,Nurse sitting holding her baby,,https://www.wikiart.org/en/georges-seurat/nurse-sitting-holding-her-baby,nurse-sitting-holding-her-baby,https://uploads6.wikiart.org/images/georges-seurat/nurse-sitting-holding-her-baby.jpg,341,512,Post-Impressionism,crayon|paper,genre painting,disease-and-treatment|mother-and-child|domestic-settings|Picture frame,France,,,
georges-seurat/georges-seurat__on-the-balcony.jpg,georges-seurat,Georges Seurat,On the balcony,,https://www.wikiart.org/en/georges-seurat/on-the-balcony,on-the-balcony,https://uploads8.wikiart.org/images/georges-seurat/on-the-balcony.jpg,341,512,Post-Impressionism,crayon|paper,genre painting,female-portraits|domestic-settings|Picture frame,France,,,
georges-seurat/georges-seurat__sleeping-woman.jpg,georges-seurat,Georges Seurat,Sleeping Woman,,https://www.wikiart.org/en/georges-seurat/sleeping-woman,sleeping-woman,https://uploads0.wikiart.org/images/georges-seurat/sleeping-woman.jpg!Large.jpg,750,500,Pointillism,crayon|paper,genre painting,female-portraits|leisure-and-sleep|Text|Rectangle,France,,,
georges-seurat/georges-seurat__stone-crusher.jpg,georges-seurat,Georges Seurat,Stone crusher,,https://www.wikiart.org/en/georges-seurat/stone-crusher,stone-crusher,https://uploads7.wikiart.org/images/georges-seurat/stone-crusher.jpg,341,512,Impressionism,crayon|paper,genre painting,arts-and-crafts,France,,,
georges-seurat/georges-seurat__the-cart-or-the-horse-hauler.jpg,georges-seurat,Georges Seurat,The cart or the horse hauler,,https://www.wikiart.org/en/georges-seurat/the-cart-or-the-horse-hauler,the-cart-or-the-horse-hauler,https://uploads5.wikiart.org/images/georges-seurat/the-cart-or-the-horse-hauler.jpg!Large.jpg,750,500,Post-Impressionism,crayon|paper,genre painting,animals|countryside|horses|Picture frame,France,,,
georges-seurat/georges-seurat__the-painter.jpg,georges-seurat,Georges Seurat,The Painter,,https://www.wikiart.org/en/georges-seurat/the-painter,the-painter,https://uploads5.wikiart.org/images/georges-seurat/the-painter.jpg,341,512,Post-Impressionism,crayon|paper,genre painting,arts-and-crafts|male-portraits,France,,,
georges-seurat/georges-seurat__the-ploughman.jpg,georges-seurat,Georges Seurat,The Ploughman,,https://www.wikiart.org/en/georges-seurat/the-ploughman,the-ploughman,https://uploads7.wikiart.org/images/georges-seurat/the-ploughman.jpg,341,512,Post-Impressionism,crayon|paper,genre painting,arts-and-crafts|male-portraits,France,,,
georges-seurat/georges-seurat__the-scene-in-the-theater.jpg,georges-seurat,Georges Seurat,The scene in the theater,,https://www.wikiart.org/en/georges-seurat/the-scene-in-the-theater,the-scene-in-the-theater,https://uploads0.wikiart.org/images/georges-seurat/the-scene-in-the-theater.jpg,341,512,Pointillism|Neo-Impressionism,crayon|paper,genre painting,double-portraits,France,,,
georges-seurat/georges-seurat__the-tree-trunk.jpg,georges-seurat,Georges Seurat,The tree trunk,,https://www.wikiart.org/en/georges-seurat/the-tree-trunk,the-tree-trunk,https://uploads8.wikiart.org/images/georges-seurat/the-tree-trunk.jpg,341,512,Post-Impressionism,crayon|paper,genre painting,cottages-and-farmhouses,France,,,
